,receiver,transmitter,timestamp
0,8c733097-9454-4cbc-ace0-7f217b7672f2,55e93951-135c-4ca6-8089-f324d6aaae2d,2025-08-20 16:26:54.261970+00:00
1,7a44ddbc-ea3a-4a97-8fbc-ac2c45d6c874,6236392d-ab15-49c5-a554-b33aea2258b7,2025-08-20 16:26:54.984022+00:00
2,82045762-e0d5-431c-9679-d2c6289582a9,4ae8a79e-f66d-4881-89c6-e0ae9b81cde1,2025-08-20 16:27:01.261216+00:00
3,4406dbda-ab77-46da-bc70-bb2830ba398a,cf890e40-45e5-466a-8808-77a7a58cdb46,2025-08-20 16:27:12.280580+00:00
4,c3cc7e19-b762-400d-a8f3-4c129b8e4963,82045762-e0d5-431c-9679-d2c6289582a9,2025-08-20 16:27:13.986049+00:00
5,c3cc7e19-b762-400d-a8f3-4c129b8e4963,0db8f1f7-837d-4a93-a647-0ccd6952ed6e,2025-08-20 16:27:14.034726+00:00
6,18994e5c-7094-4f7b-8712-c11008542038,309a70aa-93a1-4641-a8b8-34d0c4929a05,2025-08-20 16:27:21.952085+00:00
7,7a147ec5-4445-4a62-be28-2b2509047dcf,a912f701-aa4d-42dd-8e7d-3f2364056d04,2025-08-20 16:27:32.297112+00:00
8,58065cb7-0a19-40c6-821c-b97526394913,7ec69c02-95df-4071-a056-0c7590c4a23e,2025-08-20 16:27:35.364770+00:00
9,ee52d966-64ce-4cdd-9672-469ff21fd474,82045762-e0d5-431c-9679-d2c6289582a9,2025-08-20 16:27:37.982980+00:00
10,77d4cecd-e463-472e-8c08-5e0180573d53,0db8f1f7-837d-4a93-a647-0ccd6952ed6e,2025-08-20 16:27:59.309329+00:00
11,a912f701-aa4d-42dd-8e7d-3f2364056d04,d5296f5f-76f8-4c5c-9426-6aad65231edd,2025-08-20 16:28:26.095172+00:00
12,a912f701-aa4d-42dd-8e7d-3f2364056d04,7a147ec5-4445-4a62-be28-2b2509047dcf,2025-08-20 16:28:26.138288+00:00
13,02c8739c-1e84-4a3c-a154-3e6d8a040b79,48d47bde-8328-4eab-b37e-74af0dd9ce1b,2025-08-20 16:28:29.096139+00:00
14,980bef06-f0ed-4833-a9cc-0d300ec5fe42,2085d2ba-7096-401e-8604-39ae6029127a,2025-08-20 16:28:35.062188+00:00
15,dd84b194-0aa1-4655-b403-362812f00c3f,2a18e1fd-66b9-41bb-8e78-4cc062ce0743,2025-08-20 16:28:45.027043+00:00
16,34c28c35-2148-4642-a8c9-2c6df816e209,50b8d5f9-4018-43ff-a5d1-d3256859013c,2025-08-20 16:28:46.405071+00:00
17,64d2bc8b-98de-402a-b82e-4ec4056e2da3,9d8a0438-b6ce-4b90-80ea-81769b2c4700,2025-08-20 16:28:47.057505+00:00
18,50b8d5f9-4018-43ff-a5d1-d3256859013c,9d8a0438-b6ce-4b90-80ea-81769b2c4700,2025-08-20 16:28:51.130133+00:00
19,8c733097-9454-4cbc-ace0-7f217b7672f2,55e93951-135c-4ca6-8089-f324d6aaae2d,2025-08-20 16:29:00.440638+00:00
20,309a70aa-93a1-4641-a8b8-34d0c4929a05,7a44ddbc-ea3a-4a97-8fbc-ac2c45d6c874,2025-08-20 16:29:04.506503+00:00
21,286e9116-6fc0-4f1c-9d85-273ea9466b32,dd84b194-0aa1-4655-b403-362812f00c3f,2025-08-20 16:29:27.096335+00:00
22,e4c6afd4-c15c-4f5c-b76f-efae48e27218,d32cdc92-e433-4268-9d0d-6c3aef30b0e8,2025-08-20 16:29:27.141768+00:00
23,9d8a0438-b6ce-4b90-80ea-81769b2c4700,34c28c35-2148-4642-a8c9-2c6df816e209,2025-08-20 16:29:28.074393+00:00
24,9d8a0438-b6ce-4b90-80ea-81769b2c4700,64d2bc8b-98de-402a-b82e-4ec4056e2da3,2025-08-20 16:29:28.121724+00:00
25,4ce8d9a7-feee-4f5a-8155-fd28b6f81962,cf890e40-45e5-466a-8808-77a7a58cdb46,2025-08-20 16:29:32.102947+00:00
26,ea7981d8-1421-4869-9735-f2dfcc54d09e,286e9116-6fc0-4f1c-9d85-273ea9466b32,2025-08-20 16:29:34.464365+00:00
27,7d7383bd-c7f1-467a-b024-0bf3f9b8c631,9d8a0438-b6ce-4b90-80ea-81769b2c4700,2025-08-20 16:29:36.487107+00:00
28,8f54a112-983e-4997-9827-266c00b9a496,6c97f1fa-47fd-4473-8fdb-0d56b3a573d4,2025-08-20 16:29:38.104629+00:00
29,64d2bc8b-98de-402a-b82e-4ec4056e2da3,54db1269-9bab-4199-a6ff-0388bb745ab8,2025-08-20 16:29:52.129268+00:00
30,4ae8a79e-f66d-4881-89c6-e0ae9b81cde1,55e93951-135c-4ca6-8089-f324d6aaae2d,2025-08-20 16:30:08.470638+00:00
31,cf890e40-45e5-466a-8808-77a7a58cdb46,c3cc7e19-b762-400d-a8f3-4c129b8e4963,2025-08-20 16:30:12.204685+00:00
32,77d4cecd-e463-472e-8c08-5e0180573d53,8c733097-9454-4cbc-ace0-7f217b7672f2,2025-08-20 16:30:12.427445+00:00
33,18994e5c-7094-4f7b-8712-c11008542038,7a44ddbc-ea3a-4a97-8fbc-ac2c45d6c874,2025-08-20 16:30:15.124745+00:00
34,7a44ddbc-ea3a-4a97-8fbc-ac2c45d6c874,53ffb562-7bad-4b4b-a731-be2f58b5fc50,2025-08-20 16:30:21.354037+00:00
35,9d8a0438-b6ce-4b90-80ea-81769b2c4700,7d7383bd-c7f1-467a-b024-0bf3f9b8c631,2025-08-20 16:30:26.168779+00:00
36,d5296f5f-76f8-4c5c-9426-6aad65231edd,309a70aa-93a1-4641-a8b8-34d0c4929a05,2025-08-20 16:30:27.485209+00:00
37,fd94f491-adb8-4bb2-8357-7d4bdc034964,1223397b-e59e-4f08-8d0a-8acb5a4757ab,2025-08-20 16:30:52.248517+00:00
38,95fd7074-1fca-4c41-b633-15d3fe6b834d,1fb1b413-184a-4335-bdcc-184a45d239e2,2025-08-20 16:30:57.595359+00:00
39,d5296f5f-76f8-4c5c-9426-6aad65231edd,7a147ec5-4445-4a62-be28-2b2509047dcf,2025-08-20 16:31:00.514557+00:00
40,77d4cecd-e463-472e-8c08-5e0180573d53,18994e5c-7094-4f7b-8712-c11008542038,2025-08-20 16:31:05.495515+00:00
41,02c8739c-1e84-4a3c-a154-3e6d8a040b79,6c97f1fa-47fd-4473-8fdb-0d56b3a573d4,2025-08-20 16:31:09.296158+00:00
42,46753cf5-035e-4710-b184-e589d417b606,50b8d5f9-4018-43ff-a5d1-d3256859013c,2025-08-20 16:31:12.585638+00:00
43,46753cf5-035e-4710-b184-e589d417b606,8c733097-9454-4cbc-ace0-7f217b7672f2,2025-08-20 16:31:12.632824+00:00
44,95fd7074-1fca-4c41-b633-15d3fe6b834d,2a18e1fd-66b9-41bb-8e78-4cc062ce0743,2025-08-20 16:31:19.616121+00:00
45,46753cf5-035e-4710-b184-e589d417b606,9d8a0438-b6ce-4b90-80ea-81769b2c4700,2025-08-20 16:31:21.617045+00:00
46,8f54a112-983e-4997-9827-266c00b9a496,02c8739c-1e84-4a3c-a154-3e6d8a040b79,2025-08-20 16:31:29.244543+00:00
47,7ec69c02-95df-4071-a056-0c7590c4a23e,55e93951-135c-4ca6-8089-f324d6aaae2d,2025-08-20 16:31:44.588410+00:00
48,ee884d28-d7df-4f64-8ac2-9f7fceff0055,82045762-e0d5-431c-9679-d2c6289582a9,2025-08-20 16:31:47.268747+00:00
49,55e93951-135c-4ca6-8089-f324d6aaae2d,4ae8a79e-f66d-4881-89c6-e0ae9b81cde1,2025-08-20 16:32:13.352935+00:00
50,7a44ddbc-ea3a-4a97-8fbc-ac2c45d6c874,4406dbda-ab77-46da-bc70-bb2830ba398a,2025-08-20 16:32:35.495762+00:00
51,58065cb7-0a19-40c6-821c-b97526394913,7d7383bd-c7f1-467a-b024-0bf3f9b8c631,2025-08-20 16:32:54.725449+00:00
52,7ec69c02-95df-4071-a056-0c7590c4a23e,ea7981d8-1421-4869-9735-f2dfcc54d09e,2025-08-20 16:33:16.724020+00:00
53,15a1cf8a-e6dc-4560-b269-0f478c1c91a1,8441b70e-9e21-4f71-8f55-6d1480a81ac9,2025-08-20 16:33:22.414742+00:00
54,15a1cf8a-e6dc-4560-b269-0f478c1c91a1,9d8a0438-b6ce-4b90-80ea-81769b2c4700,2025-08-20 16:33:22.464817+00:00
55,64d2bc8b-98de-402a-b82e-4ec4056e2da3,e4c6afd4-c15c-4f5c-b76f-efae48e27218,2025-08-20 16:33:36.326029+00:00
56,66bff972-f439-4808-85a4-68353791aa72,980bef06-f0ed-4833-a9cc-0d300ec5fe42,2025-08-20 16:33:41.447210+00:00
57,c3cc7e19-b762-400d-a8f3-4c129b8e4963,4406dbda-ab77-46da-bc70-bb2830ba398a,2025-08-20 16:33:44.454207+00:00
58,18994e5c-7094-4f7b-8712-c11008542038,58065cb7-0a19-40c6-821c-b97526394913,2025-08-20 16:33:48.340159+00:00
59,d5296f5f-76f8-4c5c-9426-6aad65231edd,a912f701-aa4d-42dd-8e7d-3f2364056d04,2025-08-20 16:33:56.713465+00:00
60,3038002c-a14a-421b-88f8-7202f2403bfc,7a147ec5-4445-4a62-be28-2b2509047dcf,2025-08-20 16:33:59.938461+00:00
61,77d4cecd-e463-472e-8c08-5e0180573d53,7d7383bd-c7f1-467a-b024-0bf3f9b8c631,2025-08-20 16:34:11.706623+00:00
62,77d4cecd-e463-472e-8c08-5e0180573d53,34c28c35-2148-4642-a8c9-2c6df816e209,2025-08-20 16:34:11.755631+00:00
63,64d2bc8b-98de-402a-b82e-4ec4056e2da3,34c28c35-2148-4642-a8c9-2c6df816e209,2025-08-20 16:34:17.359331+00:00
64,64d2bc8b-98de-402a-b82e-4ec4056e2da3,46753cf5-035e-4710-b184-e589d417b606,2025-08-20 16:34:17.402581+00:00
65,53ffb562-7bad-4b4b-a731-be2f58b5fc50,7b471bb2-ac3d-47ff-ae14-a65d5e91b304,2025-08-20 16:34:19.555519+00:00
66,2085d2ba-7096-401e-8604-39ae6029127a,ee884d28-d7df-4f64-8ac2-9f7fceff0055,2025-08-20 16:34:22.844635+00:00
67,7d7383bd-c7f1-467a-b024-0bf3f9b8c631,34c28c35-2148-4642-a8c9-2c6df816e209,2025-08-20 16:34:23.839645+00:00
68,66bff972-f439-4808-85a4-68353791aa72,15a1cf8a-e6dc-4560-b269-0f478c1c91a1,2025-08-20 16:34:25.461162+00:00
69,fa8472f7-0772-4873-b342-f338744063a4,d5296f5f-76f8-4c5c-9426-6aad65231edd,2025-08-20 16:34:31.555476+00:00
70,8441b70e-9e21-4f71-8f55-6d1480a81ac9,d32cdc92-e433-4268-9d0d-6c3aef30b0e8,2025-08-20 16:34:41.820848+00:00
71,48d47bde-8328-4eab-b37e-74af0dd9ce1b,cf890e40-45e5-466a-8808-77a7a58cdb46,2025-08-20 16:34:51.486708+00:00
72,0db8f1f7-837d-4a93-a647-0ccd6952ed6e,9480b3bb-4337-419c-8a45-713bfee7320b,2025-08-20 16:35:00.015602+00:00
73,4ce8d9a7-feee-4f5a-8155-fd28b6f81962,b15eba65-7478-4827-91f4-86dcd7c4c443,2025-08-20 16:35:00.430468+00:00
74,286e9116-6fc0-4f1c-9d85-273ea9466b32,fd94f491-adb8-4bb2-8357-7d4bdc034964,2025-08-20 16:35:03.629942+00:00
75,1fb1b413-184a-4335-bdcc-184a45d239e2,4777822b-10c5-4fcc-b579-c0efd1afa15c,2025-08-20 16:35:03.963360+00:00
76,55e93951-135c-4ca6-8089-f324d6aaae2d,fd94f491-adb8-4bb2-8357-7d4bdc034964,2025-08-20 16:35:10.622392+00:00
77,33090fc5-b83d-4dcd-9f42-16780e6bf7ee,ea7981d8-1421-4869-9735-f2dfcc54d09e,2025-08-20 16:35:21.030414+00:00
78,6c97f1fa-47fd-4473-8fdb-0d56b3a573d4,6236392d-ab15-49c5-a554-b33aea2258b7,2025-08-20 16:35:21.880049+00:00
79,add66e0e-7db1-4dd3-ab7a-2c99db99d002,64d2bc8b-98de-402a-b82e-4ec4056e2da3,2025-08-20 16:35:22.582398+00:00
80,82045762-e0d5-431c-9679-d2c6289582a9,4406dbda-ab77-46da-bc70-bb2830ba398a,2025-08-20 16:35:22.952792+00:00
81,ea7981d8-1421-4869-9735-f2dfcc54d09e,66bff972-f439-4808-85a4-68353791aa72,2025-08-20 16:35:30.938687+00:00
82,46753cf5-035e-4710-b184-e589d417b606,9d8a0438-b6ce-4b90-80ea-81769b2c4700,2025-08-20 16:35:45.939915+00:00
83,1223397b-e59e-4f08-8d0a-8acb5a4757ab,6c97f1fa-47fd-4473-8fdb-0d56b3a573d4,2025-08-20 16:35:49.977927+00:00
84,9d8a0438-b6ce-4b90-80ea-81769b2c4700,46753cf5-035e-4710-b184-e589d417b606,2025-08-20 16:35:51.631165+00:00
85,9d8a0438-b6ce-4b90-80ea-81769b2c4700,8f54a112-983e-4997-9827-266c00b9a496,2025-08-20 16:35:51.674299+00:00
86,9d8a0438-b6ce-4b90-80ea-81769b2c4700,77d4cecd-e463-472e-8c08-5e0180573d53,2025-08-20 16:36:22.698237+00:00
87,add66e0e-7db1-4dd3-ab7a-2c99db99d002,7d7383bd-c7f1-467a-b024-0bf3f9b8c631,2025-08-20 16:36:33.735845+00:00
88,95fd7074-1fca-4c41-b633-15d3fe6b834d,82045762-e0d5-431c-9679-d2c6289582a9,2025-08-20 16:36:33.902514+00:00
89,7ec69c02-95df-4071-a056-0c7590c4a23e,50b8d5f9-4018-43ff-a5d1-d3256859013c,2025-08-20 16:36:41.970475+00:00
90,46753cf5-035e-4710-b184-e589d417b606,7d7383bd-c7f1-467a-b024-0bf3f9b8c631,2025-08-20 16:36:47.049329+00:00
91,3038002c-a14a-421b-88f8-7202f2403bfc,dd84b194-0aa1-4655-b403-362812f00c3f,2025-08-20 16:36:49.112056+00:00
92,8441b70e-9e21-4f71-8f55-6d1480a81ac9,e4c6afd4-c15c-4f5c-b76f-efae48e27218,2025-08-20 16:36:49.979627+00:00
93,cf890e40-45e5-466a-8808-77a7a58cdb46,d5296f5f-76f8-4c5c-9426-6aad65231edd,2025-08-20 16:36:53.741302+00:00
94,ea7981d8-1421-4869-9735-f2dfcc54d09e,ee884d28-d7df-4f64-8ac2-9f7fceff0055,2025-08-20 16:36:55.013964+00:00
95,7a44ddbc-ea3a-4a97-8fbc-ac2c45d6c874,6eede6d5-ae24-4c15-9afb-4768cb64e91e,2025-08-20 16:36:59.757161+00:00
96,fa8472f7-0772-4873-b342-f338744063a4,7a147ec5-4445-4a62-be28-2b2509047dcf,2025-08-20 16:37:03.721395+00:00
97,77d4cecd-e463-472e-8c08-5e0180573d53,d32cdc92-e433-4268-9d0d-6c3aef30b0e8,2025-08-20 16:37:05.908597+00:00
98,31eb3b33-5fc7-4caa-927e-f39b1a0895e3,0fecce77-7aeb-40d8-916c-0ba57ee861aa,2025-08-20 16:37:26.099422+00:00
99,7a147ec5-4445-4a62-be28-2b2509047dcf,95fd7074-1fca-4c41-b633-15d3fe6b834d,2025-08-20 16:37:54.076998+00:00
100,7a147ec5-4445-4a62-be28-2b2509047dcf,a912f701-aa4d-42dd-8e7d-3f2364056d04,2025-08-20 16:37:54.120294+00:00
101,2085d2ba-7096-401e-8604-39ae6029127a,7a44ddbc-ea3a-4a97-8fbc-ac2c45d6c874,2025-08-20 16:37:54.167529+00:00
102,7b471bb2-ac3d-47ff-ae14-a65d5e91b304,fd94f491-adb8-4bb2-8357-7d4bdc034964,2025-08-20 16:38:01.045376+00:00
103,add66e0e-7db1-4dd3-ab7a-2c99db99d002,0fecce77-7aeb-40d8-916c-0ba57ee861aa,2025-08-20 16:38:03.907782+00:00
104,7a44ddbc-ea3a-4a97-8fbc-ac2c45d6c874,9480b3bb-4337-419c-8a45-713bfee7320b,2025-08-20 16:38:09.831351+00:00
105,4777822b-10c5-4fcc-b579-c0efd1afa15c,d5296f5f-76f8-4c5c-9426-6aad65231edd,2025-08-20 16:38:21.125173+00:00
106,e4c6afd4-c15c-4f5c-b76f-efae48e27218,2085d2ba-7096-401e-8604-39ae6029127a,2025-08-20 16:38:31.980356+00:00
107,7ec69c02-95df-4071-a056-0c7590c4a23e,54db1269-9bab-4199-a6ff-0388bb745ab8,2025-08-20 16:38:32.096570+00:00
108,add66e0e-7db1-4dd3-ab7a-2c99db99d002,18994e5c-7094-4f7b-8712-c11008542038,2025-08-20 16:38:32.932157+00:00
109,7a147ec5-4445-4a62-be28-2b2509047dcf,8441b70e-9e21-4f71-8f55-6d1480a81ac9,2025-08-20 16:38:36.151944+00:00
110,7a147ec5-4445-4a62-be28-2b2509047dcf,d32cdc92-e433-4268-9d0d-6c3aef30b0e8,2025-08-20 16:38:36.199130+00:00
111,58065cb7-0a19-40c6-821c-b97526394913,4ae8a79e-f66d-4881-89c6-e0ae9b81cde1,2025-08-20 16:38:40.265335+00:00
112,33090fc5-b83d-4dcd-9f42-16780e6bf7ee,2a18e1fd-66b9-41bb-8e78-4cc062ce0743,2025-08-20 16:38:40.309216+00:00
113,309a70aa-93a1-4641-a8b8-34d0c4929a05,18994e5c-7094-4f7b-8712-c11008542038,2025-08-20 16:38:43.244978+00:00
114,1fb1b413-184a-4335-bdcc-184a45d239e2,7a44ddbc-ea3a-4a97-8fbc-ac2c45d6c874,2025-08-20 16:39:10.244501+00:00
115,7a44ddbc-ea3a-4a97-8fbc-ac2c45d6c874,add66e0e-7db1-4dd3-ab7a-2c99db99d002,2025-08-20 16:39:16.982517+00:00
116,58065cb7-0a19-40c6-821c-b97526394913,4ae8a79e-f66d-4881-89c6-e0ae9b81cde1,2025-08-20 16:39:34.330444+00:00
117,3038002c-a14a-421b-88f8-7202f2403bfc,ee52d966-64ce-4cdd-9672-469ff21fd474,2025-08-20 16:39:37.399937+00:00
118,7ec69c02-95df-4071-a056-0c7590c4a23e,309a70aa-93a1-4641-a8b8-34d0c4929a05,2025-08-20 16:39:51.229926+00:00
119,2a18e1fd-66b9-41bb-8e78-4cc062ce0743,95fd7074-1fca-4c41-b633-15d3fe6b834d,2025-08-20 16:39:52.188897+00:00
120,2a18e1fd-66b9-41bb-8e78-4cc062ce0743,33090fc5-b83d-4dcd-9f42-16780e6bf7ee,2025-08-20 16:39:52.233964+00:00
121,286e9116-6fc0-4f1c-9d85-273ea9466b32,31eb3b33-5fc7-4caa-927e-f39b1a0895e3,2025-08-20 16:39:54.048550+00:00
122,286e9116-6fc0-4f1c-9d85-273ea9466b32,fa8472f7-0772-4873-b342-f338744063a4,2025-08-20 16:39:54.090369+00:00
123,ea7981d8-1421-4869-9735-f2dfcc54d09e,54db1269-9bab-4199-a6ff-0388bb745ab8,2025-08-20 16:40:01.197204+00:00
124,54db1269-9bab-4199-a6ff-0388bb745ab8,58065cb7-0a19-40c6-821c-b97526394913,2025-08-20 16:40:01.244662+00:00
125,d5296f5f-76f8-4c5c-9426-6aad65231edd,0fecce77-7aeb-40d8-916c-0ba57ee861aa,2025-08-20 16:40:01.289261+00:00
126,46753cf5-035e-4710-b184-e589d417b606,9d8a0438-b6ce-4b90-80ea-81769b2c4700,2025-08-20 16:40:01.350445+00:00
127,b15eba65-7478-4827-91f4-86dcd7c4c443,ab99235d-9cb8-416c-a352-3b77624a38c6,2025-08-20 16:40:08.894188+00:00
128,7a44ddbc-ea3a-4a97-8fbc-ac2c45d6c874,dd84b194-0aa1-4655-b403-362812f00c3f,2025-08-20 16:40:10.095097+00:00
129,58065cb7-0a19-40c6-821c-b97526394913,4ae8a79e-f66d-4881-89c6-e0ae9b81cde1,2025-08-20 16:40:11.370113+00:00
130,dd84b194-0aa1-4655-b403-362812f00c3f,7b471bb2-ac3d-47ff-ae14-a65d5e91b304,2025-08-20 16:40:11.865447+00:00
131,9d8a0438-b6ce-4b90-80ea-81769b2c4700,64d2bc8b-98de-402a-b82e-4ec4056e2da3,2025-08-20 16:40:15.014865+00:00
132,64d2bc8b-98de-402a-b82e-4ec4056e2da3,3038002c-a14a-421b-88f8-7202f2403bfc,2025-08-20 16:40:22.874781+00:00
133,18994e5c-7094-4f7b-8712-c11008542038,95fd7074-1fca-4c41-b633-15d3fe6b834d,2025-08-20 16:40:23.824356+00:00
134,ee52d966-64ce-4cdd-9672-469ff21fd474,9d8a0438-b6ce-4b90-80ea-81769b2c4700,2025-08-20 16:40:29.012959+00:00
135,54db1269-9bab-4199-a6ff-0388bb745ab8,fa8472f7-0772-4873-b342-f338744063a4,2025-08-20 16:40:32.269567+00:00
136,15a1cf8a-e6dc-4560-b269-0f478c1c91a1,0fecce77-7aeb-40d8-916c-0ba57ee861aa,2025-08-20 16:40:34.980830+00:00
137,c3cc7e19-b762-400d-a8f3-4c129b8e4963,0db8f1f7-837d-4a93-a647-0ccd6952ed6e,2025-08-20 16:40:39.986607+00:00
138,c3cc7e19-b762-400d-a8f3-4c129b8e4963,46753cf5-035e-4710-b184-e589d417b606,2025-08-20 16:40:40.033745+00:00
139,d32cdc92-e433-4268-9d0d-6c3aef30b0e8,6c97f1fa-47fd-4473-8fdb-0d56b3a573d4,2025-08-20 16:40:49.007351+00:00
140,7b471bb2-ac3d-47ff-ae14-a65d5e91b304,fd94f491-adb8-4bb2-8357-7d4bdc034964,2025-08-20 16:40:52.266345+00:00
141,a912f701-aa4d-42dd-8e7d-3f2364056d04,7a147ec5-4445-4a62-be28-2b2509047dcf,2025-08-20 16:40:59.148256+00:00
142,6eede6d5-ae24-4c15-9afb-4768cb64e91e,4ce8d9a7-feee-4f5a-8155-fd28b6f81962,2025-08-20 16:41:00.048234+00:00
143,82045762-e0d5-431c-9679-d2c6289582a9,0db8f1f7-837d-4a93-a647-0ccd6952ed6e,2025-08-20 16:41:16.481932+00:00
144,34c28c35-2148-4642-a8c9-2c6df816e209,50b8d5f9-4018-43ff-a5d1-d3256859013c,2025-08-20 16:41:26.562642+00:00
145,dd84b194-0aa1-4655-b403-362812f00c3f,2a18e1fd-66b9-41bb-8e78-4cc062ce0743,2025-08-20 16:41:41.013057+00:00
146,286e9116-6fc0-4f1c-9d85-273ea9466b32,add66e0e-7db1-4dd3-ab7a-2c99db99d002,2025-08-20 16:41:46.198342+00:00
147,58065cb7-0a19-40c6-821c-b97526394913,4ae8a79e-f66d-4881-89c6-e0ae9b81cde1,2025-08-20 16:41:50.486381+00:00
148,8441b70e-9e21-4f71-8f55-6d1480a81ac9,dd84b194-0aa1-4655-b403-362812f00c3f,2025-08-20 16:41:56.327870+00:00
149,b15eba65-7478-4827-91f4-86dcd7c4c443,ab99235d-9cb8-416c-a352-3b77624a38c6,2025-08-20 16:42:05.035322+00:00
150,c3cc7e19-b762-400d-a8f3-4c129b8e4963,0db8f1f7-837d-4a93-a647-0ccd6952ed6e,2025-08-20 16:42:11.109849+00:00
151,ee52d966-64ce-4cdd-9672-469ff21fd474,0db8f1f7-837d-4a93-a647-0ccd6952ed6e,2025-08-20 16:42:17.134812+00:00
152,0db8f1f7-837d-4a93-a647-0ccd6952ed6e,48d47bde-8328-4eab-b37e-74af0dd9ce1b,2025-08-20 16:42:17.551602+00:00
153,82045762-e0d5-431c-9679-d2c6289582a9,31eb3b33-5fc7-4caa-927e-f39b1a0895e3,2025-08-20 16:42:26.577525+00:00
154,48d47bde-8328-4eab-b37e-74af0dd9ce1b,82045762-e0d5-431c-9679-d2c6289582a9,2025-08-20 16:42:33.061400+00:00
155,cf890e40-45e5-466a-8808-77a7a58cdb46,82045762-e0d5-431c-9679-d2c6289582a9,2025-08-20 16:42:45.209907+00:00
156,7b471bb2-ac3d-47ff-ae14-a65d5e91b304,ea7981d8-1421-4869-9735-f2dfcc54d09e,2025-08-20 16:42:49.382247+00:00
157,31eb3b33-5fc7-4caa-927e-f39b1a0895e3,0db8f1f7-837d-4a93-a647-0ccd6952ed6e,2025-08-20 16:43:05.593365+00:00
158,77d4cecd-e463-472e-8c08-5e0180573d53,50b8d5f9-4018-43ff-a5d1-d3256859013c,2025-08-20 16:43:10.304779+00:00
159,1223397b-e59e-4f08-8d0a-8acb5a4757ab,d32cdc92-e433-4268-9d0d-6c3aef30b0e8,2025-08-20 16:43:20.667307+00:00
160,15a1cf8a-e6dc-4560-b269-0f478c1c91a1,d32cdc92-e433-4268-9d0d-6c3aef30b0e8,2025-08-20 16:43:25.178477+00:00
161,15a1cf8a-e6dc-4560-b269-0f478c1c91a1,add66e0e-7db1-4dd3-ab7a-2c99db99d002,2025-08-20 16:43:25.224081+00:00
162,18994e5c-7094-4f7b-8712-c11008542038,4ae8a79e-f66d-4881-89c6-e0ae9b81cde1,2025-08-20 16:43:28.005031+00:00
163,50b8d5f9-4018-43ff-a5d1-d3256859013c,7d7383bd-c7f1-467a-b024-0bf3f9b8c631,2025-08-20 16:43:31.244635+00:00
164,9480b3bb-4337-419c-8a45-713bfee7320b,66bff972-f439-4808-85a4-68353791aa72,2025-08-20 16:43:48.372471+00:00
165,15a1cf8a-e6dc-4560-b269-0f478c1c91a1,6c97f1fa-47fd-4473-8fdb-0d56b3a573d4,2025-08-20 16:43:56.225560+00:00
166,54db1269-9bab-4199-a6ff-0388bb745ab8,1fb1b413-184a-4335-bdcc-184a45d239e2,2025-08-20 16:43:56.465661+00:00
167,4ae8a79e-f66d-4881-89c6-e0ae9b81cde1,7a147ec5-4445-4a62-be28-2b2509047dcf,2025-08-20 16:43:59.544070+00:00
168,6c97f1fa-47fd-4473-8fdb-0d56b3a573d4,d32cdc92-e433-4268-9d0d-6c3aef30b0e8,2025-08-20 16:44:08.648388+00:00
169,9480b3bb-4337-419c-8a45-713bfee7320b,e4c6afd4-c15c-4f5c-b76f-efae48e27218,2025-08-20 16:44:12.382550+00:00
170,9d8a0438-b6ce-4b90-80ea-81769b2c4700,77d4cecd-e463-472e-8c08-5e0180573d53,2025-08-20 16:44:29.364025+00:00
171,d5296f5f-76f8-4c5c-9426-6aad65231edd,7a147ec5-4445-4a62-be28-2b2509047dcf,2025-08-20 16:44:29.591659+00:00
172,4ae8a79e-f66d-4881-89c6-e0ae9b81cde1,7ec69c02-95df-4071-a056-0c7590c4a23e,2025-08-20 16:44:31.560839+00:00
173,ab99235d-9cb8-416c-a352-3b77624a38c6,0db8f1f7-837d-4a93-a647-0ccd6952ed6e,2025-08-20 16:44:32.418432+00:00
174,ab99235d-9cb8-416c-a352-3b77624a38c6,b15eba65-7478-4827-91f4-86dcd7c4c443,2025-08-20 16:44:32.464872+00:00
175,53ffb562-7bad-4b4b-a731-be2f58b5fc50,6eede6d5-ae24-4c15-9afb-4768cb64e91e,2025-08-20 16:44:36.420864+00:00
176,e4c6afd4-c15c-4f5c-b76f-efae48e27218,ee884d28-d7df-4f64-8ac2-9f7fceff0055,2025-08-20 16:44:40.490572+00:00
177,6236392d-ab15-49c5-a554-b33aea2258b7,4ce8d9a7-feee-4f5a-8155-fd28b6f81962,2025-08-20 16:44:42.639131+00:00
178,33090fc5-b83d-4dcd-9f42-16780e6bf7ee,fd94f491-adb8-4bb2-8357-7d4bdc034964,2025-08-20 16:44:44.734634+00:00
179,58065cb7-0a19-40c6-821c-b97526394913,18994e5c-7094-4f7b-8712-c11008542038,2025-08-20 16:44:46.690135+00:00
180,2a18e1fd-66b9-41bb-8e78-4cc062ce0743,7d7383bd-c7f1-467a-b024-0bf3f9b8c631,2025-08-20 16:44:52.581185+00:00
181,2a18e1fd-66b9-41bb-8e78-4cc062ce0743,dd84b194-0aa1-4655-b403-362812f00c3f,2025-08-20 16:44:52.623810+00:00
182,dd84b194-0aa1-4655-b403-362812f00c3f,cf890e40-45e5-466a-8808-77a7a58cdb46,2025-08-20 16:44:55.315268+00:00
183,dd84b194-0aa1-4655-b403-362812f00c3f,46753cf5-035e-4710-b184-e589d417b606,2025-08-20 16:44:55.363979+00:00
184,dd84b194-0aa1-4655-b403-362812f00c3f,8f54a112-983e-4997-9827-266c00b9a496,2025-08-20 16:44:55.407623+00:00
185,cf890e40-45e5-466a-8808-77a7a58cdb46,8f54a112-983e-4997-9827-266c00b9a496,2025-08-20 16:44:55.451245+00:00
186,fd94f491-adb8-4bb2-8357-7d4bdc034964,286e9116-6fc0-4f1c-9d85-273ea9466b32,2025-08-20 16:44:58.371605+00:00
187,ee52d966-64ce-4cdd-9672-469ff21fd474,4406dbda-ab77-46da-bc70-bb2830ba398a,2025-08-20 16:45:13.420345+00:00
188,53ffb562-7bad-4b4b-a731-be2f58b5fc50,ab99235d-9cb8-416c-a352-3b77624a38c6,2025-08-20 16:45:13.469862+00:00
189,1223397b-e59e-4f08-8d0a-8acb5a4757ab,286e9116-6fc0-4f1c-9d85-273ea9466b32,2025-08-20 16:45:13.823369+00:00
190,b15eba65-7478-4827-91f4-86dcd7c4c443,4ce8d9a7-feee-4f5a-8155-fd28b6f81962,2025-08-20 16:45:15.242485+00:00
191,4ae8a79e-f66d-4881-89c6-e0ae9b81cde1,54db1269-9bab-4199-a6ff-0388bb745ab8,2025-08-20 16:45:19.610106+00:00
192,fa8472f7-0772-4873-b342-f338744063a4,a912f701-aa4d-42dd-8e7d-3f2364056d04,2025-08-20 16:45:28.342466+00:00
193,33090fc5-b83d-4dcd-9f42-16780e6bf7ee,dd84b194-0aa1-4655-b403-362812f00c3f,2025-08-20 16:45:41.810064+00:00
194,4ce8d9a7-feee-4f5a-8155-fd28b6f81962,0fecce77-7aeb-40d8-916c-0ba57ee861aa,2025-08-20 16:45:47.167969+00:00
195,9480b3bb-4337-419c-8a45-713bfee7320b,9d8a0438-b6ce-4b90-80ea-81769b2c4700,2025-08-20 16:45:52.508134+00:00
196,6eede6d5-ae24-4c15-9afb-4768cb64e91e,7a44ddbc-ea3a-4a97-8fbc-ac2c45d6c874,2025-08-20 16:45:54.445990+00:00
197,48d47bde-8328-4eab-b37e-74af0dd9ce1b,ee52d966-64ce-4cdd-9672-469ff21fd474,2025-08-20 16:46:00.298269+00:00
198,6c97f1fa-47fd-4473-8fdb-0d56b3a573d4,02c8739c-1e84-4a3c-a154-3e6d8a040b79,2025-08-20 16:46:15.794162+00:00
199,ea7981d8-1421-4869-9735-f2dfcc54d09e,7a147ec5-4445-4a62-be28-2b2509047dcf,2025-08-20 16:46:19.727855+00:00
200,9480b3bb-4337-419c-8a45-713bfee7320b,ee884d28-d7df-4f64-8ac2-9f7fceff0055,2025-08-20 16:46:41.571245+00:00
201,4406dbda-ab77-46da-bc70-bb2830ba398a,ee52d966-64ce-4cdd-9672-469ff21fd474,2025-08-20 16:46:56.851695+00:00
202,82045762-e0d5-431c-9679-d2c6289582a9,ee52d966-64ce-4cdd-9672-469ff21fd474,2025-08-20 16:46:56.960402+00:00
203,66bff972-f439-4808-85a4-68353791aa72,2085d2ba-7096-401e-8604-39ae6029127a,2025-08-20 16:46:59.315581+00:00
204,31eb3b33-5fc7-4caa-927e-f39b1a0895e3,ee52d966-64ce-4cdd-9672-469ff21fd474,2025-08-20 16:47:00.919208+00:00
205,77d4cecd-e463-472e-8c08-5e0180573d53,a912f701-aa4d-42dd-8e7d-3f2364056d04,2025-08-20 16:47:01.578998+00:00
206,2085d2ba-7096-401e-8604-39ae6029127a,ea7981d8-1421-4869-9735-f2dfcc54d09e,2025-08-20 16:47:04.926691+00:00
207,95fd7074-1fca-4c41-b633-15d3fe6b834d,d5296f5f-76f8-4c5c-9426-6aad65231edd,2025-08-20 16:47:16.677299+00:00
208,4ae8a79e-f66d-4881-89c6-e0ae9b81cde1,46753cf5-035e-4710-b184-e589d417b606,2025-08-20 16:47:17.748362+00:00
209,7a44ddbc-ea3a-4a97-8fbc-ac2c45d6c874,6eede6d5-ae24-4c15-9afb-4768cb64e91e,2025-08-20 16:47:18.603079+00:00
210,fa8472f7-0772-4873-b342-f338744063a4,b15eba65-7478-4827-91f4-86dcd7c4c443,2025-08-20 16:47:26.469422+00:00
211,55e93951-135c-4ca6-8089-f324d6aaae2d,8f54a112-983e-4997-9827-266c00b9a496,2025-08-20 16:47:29.593295+00:00
212,0db8f1f7-837d-4a93-a647-0ccd6952ed6e,48d47bde-8328-4eab-b37e-74af0dd9ce1b,2025-08-20 16:47:33.984050+00:00
213,3038002c-a14a-421b-88f8-7202f2403bfc,fd94f491-adb8-4bb2-8357-7d4bdc034964,2025-08-20 16:47:39.911423+00:00
214,66bff972-f439-4808-85a4-68353791aa72,ee884d28-d7df-4f64-8ac2-9f7fceff0055,2025-08-20 16:47:49.409345+00:00
215,980bef06-f0ed-4833-a9cc-0d300ec5fe42,ee884d28-d7df-4f64-8ac2-9f7fceff0055,2025-08-20 16:47:50.657883+00:00
216,fa8472f7-0772-4873-b342-f338744063a4,33090fc5-b83d-4dcd-9f42-16780e6bf7ee,2025-08-20 16:47:52.516210+00:00
217,0db8f1f7-837d-4a93-a647-0ccd6952ed6e,8c733097-9454-4cbc-ace0-7f217b7672f2,2025-08-20 16:47:52.994998+00:00
218,fd94f491-adb8-4bb2-8357-7d4bdc034964,3038002c-a14a-421b-88f8-7202f2403bfc,2025-08-20 16:47:53.584060+00:00
219,2a18e1fd-66b9-41bb-8e78-4cc062ce0743,286e9116-6fc0-4f1c-9d85-273ea9466b32,2025-08-20 16:47:54.788531+00:00
220,33090fc5-b83d-4dcd-9f42-16780e6bf7ee,980bef06-f0ed-4833-a9cc-0d300ec5fe42,2025-08-20 16:47:56.996484+00:00
221,58065cb7-0a19-40c6-821c-b97526394913,8441b70e-9e21-4f71-8f55-6d1480a81ac9,2025-08-20 16:47:59.873362+00:00
222,8c733097-9454-4cbc-ace0-7f217b7672f2,7b471bb2-ac3d-47ff-ae14-a65d5e91b304,2025-08-20 16:48:01.671689+00:00
223,9480b3bb-4337-419c-8a45-713bfee7320b,d5296f5f-76f8-4c5c-9426-6aad65231edd,2025-08-20 16:48:06.647759+00:00
224,48d47bde-8328-4eab-b37e-74af0dd9ce1b,18994e5c-7094-4f7b-8712-c11008542038,2025-08-20 16:48:16.439625+00:00
225,1223397b-e59e-4f08-8d0a-8acb5a4757ab,8441b70e-9e21-4f71-8f55-6d1480a81ac9,2025-08-20 16:48:18.033631+00:00
226,8c733097-9454-4cbc-ace0-7f217b7672f2,15a1cf8a-e6dc-4560-b269-0f478c1c91a1,2025-08-20 16:48:18.691751+00:00
227,0db8f1f7-837d-4a93-a647-0ccd6952ed6e,980bef06-f0ed-4833-a9cc-0d300ec5fe42,2025-08-20 16:48:30.100432+00:00
228,0db8f1f7-837d-4a93-a647-0ccd6952ed6e,6c97f1fa-47fd-4473-8fdb-0d56b3a573d4,2025-08-20 16:48:30.150496+00:00
229,4ce8d9a7-feee-4f5a-8155-fd28b6f81962,6236392d-ab15-49c5-a554-b33aea2258b7,2025-08-20 16:48:36.448402+00:00
230,1223397b-e59e-4f08-8d0a-8acb5a4757ab,8441b70e-9e21-4f71-8f55-6d1480a81ac9,2025-08-20 16:48:51.071910+00:00
231,0db8f1f7-837d-4a93-a647-0ccd6952ed6e,82045762-e0d5-431c-9679-d2c6289582a9,2025-08-20 16:49:01.126044+00:00
232,6236392d-ab15-49c5-a554-b33aea2258b7,31eb3b33-5fc7-4caa-927e-f39b1a0895e3,2025-08-20 16:49:12.028645+00:00
233,7b471bb2-ac3d-47ff-ae14-a65d5e91b304,7a44ddbc-ea3a-4a97-8fbc-ac2c45d6c874,2025-08-20 16:49:13.838333+00:00
234,54db1269-9bab-4199-a6ff-0388bb745ab8,7ec69c02-95df-4071-a056-0c7590c4a23e,2025-08-20 16:49:14.925589+00:00
235,82045762-e0d5-431c-9679-d2c6289582a9,0db8f1f7-837d-4a93-a647-0ccd6952ed6e,2025-08-20 16:49:26.101026+00:00
236,309a70aa-93a1-4641-a8b8-34d0c4929a05,7ec69c02-95df-4071-a056-0c7590c4a23e,2025-08-20 16:49:34.120543+00:00
237,2085d2ba-7096-401e-8604-39ae6029127a,1fb1b413-184a-4335-bdcc-184a45d239e2,2025-08-20 16:49:46.158396+00:00
238,1223397b-e59e-4f08-8d0a-8acb5a4757ab,6236392d-ab15-49c5-a554-b33aea2258b7,2025-08-20 16:50:09.218309+00:00
239,66bff972-f439-4808-85a4-68353791aa72,58065cb7-0a19-40c6-821c-b97526394913,2025-08-20 16:50:09.592147+00:00
240,4ce8d9a7-feee-4f5a-8155-fd28b6f81962,3038002c-a14a-421b-88f8-7202f2403bfc,2025-08-20 16:50:10.477340+00:00
241,6eede6d5-ae24-4c15-9afb-4768cb64e91e,15a1cf8a-e6dc-4560-b269-0f478c1c91a1,2025-08-20 16:50:10.685268+00:00
242,309a70aa-93a1-4641-a8b8-34d0c4929a05,77d4cecd-e463-472e-8c08-5e0180573d53,2025-08-20 16:50:22.135700+00:00
243,15a1cf8a-e6dc-4560-b269-0f478c1c91a1,6236392d-ab15-49c5-a554-b33aea2258b7,2025-08-20 16:50:23.621908+00:00
244,15a1cf8a-e6dc-4560-b269-0f478c1c91a1,fa8472f7-0772-4873-b342-f338744063a4,2025-08-20 16:50:23.672050+00:00
245,82045762-e0d5-431c-9679-d2c6289582a9,31eb3b33-5fc7-4caa-927e-f39b1a0895e3,2025-08-20 16:50:26.157962+00:00
246,b15eba65-7478-4827-91f4-86dcd7c4c443,53ffb562-7bad-4b4b-a731-be2f58b5fc50,2025-08-20 16:50:26.670955+00:00
247,48d47bde-8328-4eab-b37e-74af0dd9ce1b,cf890e40-45e5-466a-8808-77a7a58cdb46,2025-08-20 16:50:51.634443+00:00
248,b15eba65-7478-4827-91f4-86dcd7c4c443,6eede6d5-ae24-4c15-9afb-4768cb64e91e,2025-08-20 16:50:58.696992+00:00
249,e4c6afd4-c15c-4f5c-b76f-efae48e27218,54db1269-9bab-4199-a6ff-0388bb745ab8,2025-08-20 16:51:02.010876+00:00
250,e4c6afd4-c15c-4f5c-b76f-efae48e27218,0fecce77-7aeb-40d8-916c-0ba57ee861aa,2025-08-20 16:51:02.065024+00:00
251,ee52d966-64ce-4cdd-9672-469ff21fd474,fd94f491-adb8-4bb2-8357-7d4bdc034964,2025-08-20 16:51:17.999030+00:00
252,34c28c35-2148-4642-a8c9-2c6df816e209,46753cf5-035e-4710-b184-e589d417b606,2025-08-20 16:51:28.323468+00:00
253,82045762-e0d5-431c-9679-d2c6289582a9,c3cc7e19-b762-400d-a8f3-4c129b8e4963,2025-08-20 16:51:31.260550+00:00
254,0db8f1f7-837d-4a93-a647-0ccd6952ed6e,cf890e40-45e5-466a-8808-77a7a58cdb46,2025-08-20 16:51:35.300560+00:00
255,33090fc5-b83d-4dcd-9f42-16780e6bf7ee,dd84b194-0aa1-4655-b403-362812f00c3f,2025-08-20 16:51:38.189969+00:00
256,cf890e40-45e5-466a-8808-77a7a58cdb46,4406dbda-ab77-46da-bc70-bb2830ba398a,2025-08-20 16:51:42.906763+00:00
257,2085d2ba-7096-401e-8604-39ae6029127a,77d4cecd-e463-472e-8c08-5e0180573d53,2025-08-20 16:51:55.364253+00:00
258,1223397b-e59e-4f08-8d0a-8acb5a4757ab,02c8739c-1e84-4a3c-a154-3e6d8a040b79,2025-08-20 16:52:02.347099+00:00
259,7d7383bd-c7f1-467a-b024-0bf3f9b8c631,7a147ec5-4445-4a62-be28-2b2509047dcf,2025-08-20 16:52:03.186517+00:00
260,b15eba65-7478-4827-91f4-86dcd7c4c443,0fecce77-7aeb-40d8-916c-0ba57ee861aa,2025-08-20 16:52:35.786845+00:00
261,d32cdc92-e433-4268-9d0d-6c3aef30b0e8,8441b70e-9e21-4f71-8f55-6d1480a81ac9,2025-08-20 16:52:38.930350+00:00
262,1223397b-e59e-4f08-8d0a-8acb5a4757ab,02c8739c-1e84-4a3c-a154-3e6d8a040b79,2025-08-20 16:52:44.434041+00:00
263,1223397b-e59e-4f08-8d0a-8acb5a4757ab,8441b70e-9e21-4f71-8f55-6d1480a81ac9,2025-08-20 16:52:44.478635+00:00
264,7b471bb2-ac3d-47ff-ae14-a65d5e91b304,dd84b194-0aa1-4655-b403-362812f00c3f,2025-08-20 16:52:48.112983+00:00
265,1223397b-e59e-4f08-8d0a-8acb5a4757ab,d32cdc92-e433-4268-9d0d-6c3aef30b0e8,2025-08-20 16:52:59.479193+00:00
266,6236392d-ab15-49c5-a554-b33aea2258b7,53ffb562-7bad-4b4b-a731-be2f58b5fc50,2025-08-20 16:53:07.360039+00:00
267,6236392d-ab15-49c5-a554-b33aea2258b7,7a44ddbc-ea3a-4a97-8fbc-ac2c45d6c874,2025-08-20 16:53:07.403259+00:00
268,2085d2ba-7096-401e-8604-39ae6029127a,e4c6afd4-c15c-4f5c-b76f-efae48e27218,2025-08-20 16:53:27.520017+00:00
269,6236392d-ab15-49c5-a554-b33aea2258b7,53ffb562-7bad-4b4b-a731-be2f58b5fc50,2025-08-20 16:53:29.385573+00:00
270,cf890e40-45e5-466a-8808-77a7a58cdb46,8441b70e-9e21-4f71-8f55-6d1480a81ac9,2025-08-20 16:53:31.035204+00:00
271,46753cf5-035e-4710-b184-e589d417b606,9d8a0438-b6ce-4b90-80ea-81769b2c4700,2025-08-20 16:53:33.370204+00:00
272,ee884d28-d7df-4f64-8ac2-9f7fceff0055,8f54a112-983e-4997-9827-266c00b9a496,2025-08-20 16:53:35.913508+00:00
273,4ce8d9a7-feee-4f5a-8155-fd28b6f81962,b15eba65-7478-4827-91f4-86dcd7c4c443,2025-08-20 16:53:36.685019+00:00
274,8441b70e-9e21-4f71-8f55-6d1480a81ac9,add66e0e-7db1-4dd3-ab7a-2c99db99d002,2025-08-20 16:53:38.196973+00:00
275,2085d2ba-7096-401e-8604-39ae6029127a,980bef06-f0ed-4833-a9cc-0d300ec5fe42,2025-08-20 16:53:40.548604+00:00
276,7d7383bd-c7f1-467a-b024-0bf3f9b8c631,46753cf5-035e-4710-b184-e589d417b606,2025-08-20 16:53:52.313447+00:00
277,7a147ec5-4445-4a62-be28-2b2509047dcf,77d4cecd-e463-472e-8c08-5e0180573d53,2025-08-20 16:53:55.248482+00:00
278,31eb3b33-5fc7-4caa-927e-f39b1a0895e3,4406dbda-ab77-46da-bc70-bb2830ba398a,2025-08-20 16:54:02.340512+00:00
279,8441b70e-9e21-4f71-8f55-6d1480a81ac9,1223397b-e59e-4f08-8d0a-8acb5a4757ab,2025-08-20 16:54:08.248804+00:00
280,cf890e40-45e5-466a-8808-77a7a58cdb46,18994e5c-7094-4f7b-8712-c11008542038,2025-08-20 16:54:09.065432+00:00
281,7b471bb2-ac3d-47ff-ae14-a65d5e91b304,286e9116-6fc0-4f1c-9d85-273ea9466b32,2025-08-20 16:54:15.187687+00:00
282,b15eba65-7478-4827-91f4-86dcd7c4c443,6236392d-ab15-49c5-a554-b33aea2258b7,2025-08-20 16:54:17.902327+00:00
283,dd84b194-0aa1-4655-b403-362812f00c3f,8f54a112-983e-4997-9827-266c00b9a496,2025-08-20 16:54:23.020685+00:00
284,50b8d5f9-4018-43ff-a5d1-d3256859013c,7d7383bd-c7f1-467a-b024-0bf3f9b8c631,2025-08-20 16:54:27.916330+00:00
285,82045762-e0d5-431c-9679-d2c6289582a9,cf890e40-45e5-466a-8808-77a7a58cdb46,2025-08-20 16:54:30.488471+00:00
286,9d8a0438-b6ce-4b90-80ea-81769b2c4700,34c28c35-2148-4642-a8c9-2c6df816e209,2025-08-20 16:55:03.147074+00:00
287,58065cb7-0a19-40c6-821c-b97526394913,55e93951-135c-4ca6-8089-f324d6aaae2d,2025-08-20 16:55:10.383054+00:00
288,6c97f1fa-47fd-4473-8fdb-0d56b3a573d4,15a1cf8a-e6dc-4560-b269-0f478c1c91a1,2025-08-20 16:55:12.496121+00:00
289,02c8739c-1e84-4a3c-a154-3e6d8a040b79,15a1cf8a-e6dc-4560-b269-0f478c1c91a1,2025-08-20 16:55:13.111788+00:00
290,4ae8a79e-f66d-4881-89c6-e0ae9b81cde1,55e93951-135c-4ca6-8089-f324d6aaae2d,2025-08-20 16:55:13.397763+00:00
291,add66e0e-7db1-4dd3-ab7a-2c99db99d002,02c8739c-1e84-4a3c-a154-3e6d8a040b79,2025-08-20 16:55:26.268085+00:00
292,2a18e1fd-66b9-41bb-8e78-4cc062ce0743,dd84b194-0aa1-4655-b403-362812f00c3f,2025-08-20 16:55:28.343800+00:00
293,d32cdc92-e433-4268-9d0d-6c3aef30b0e8,02c8739c-1e84-4a3c-a154-3e6d8a040b79,2025-08-20 16:55:35.110096+00:00
294,7ec69c02-95df-4071-a056-0c7590c4a23e,54db1269-9bab-4199-a6ff-0388bb745ab8,2025-08-20 16:56:02.455589+00:00
295,7ec69c02-95df-4071-a056-0c7590c4a23e,55e93951-135c-4ca6-8089-f324d6aaae2d,2025-08-20 16:56:02.504411+00:00
296,ee884d28-d7df-4f64-8ac2-9f7fceff0055,58065cb7-0a19-40c6-821c-b97526394913,2025-08-20 16:56:14.160037+00:00
297,54db1269-9bab-4199-a6ff-0388bb745ab8,58065cb7-0a19-40c6-821c-b97526394913,2025-08-20 16:56:14.448651+00:00
298,54db1269-9bab-4199-a6ff-0388bb745ab8,55e93951-135c-4ca6-8089-f324d6aaae2d,2025-08-20 16:56:14.489886+00:00
299,3038002c-a14a-421b-88f8-7202f2403bfc,7d7383bd-c7f1-467a-b024-0bf3f9b8c631,2025-08-20 16:56:17.559024+00:00
300,c3cc7e19-b762-400d-a8f3-4c129b8e4963,82045762-e0d5-431c-9679-d2c6289582a9,2025-08-20 16:56:20.004070+00:00
301,33090fc5-b83d-4dcd-9f42-16780e6bf7ee,286e9116-6fc0-4f1c-9d85-273ea9466b32,2025-08-20 16:56:30.554051+00:00
302,7ec69c02-95df-4071-a056-0c7590c4a23e,309a70aa-93a1-4641-a8b8-34d0c4929a05,2025-08-20 16:56:42.471501+00:00
303,c3cc7e19-b762-400d-a8f3-4c129b8e4963,9d8a0438-b6ce-4b90-80ea-81769b2c4700,2025-08-20 16:56:44.042181+00:00
304,0db8f1f7-837d-4a93-a647-0ccd6952ed6e,cf890e40-45e5-466a-8808-77a7a58cdb46,2025-08-20 16:56:46.719637+00:00
305,0db8f1f7-837d-4a93-a647-0ccd6952ed6e,4ae8a79e-f66d-4881-89c6-e0ae9b81cde1,2025-08-20 16:56:46.767721+00:00
306,d5296f5f-76f8-4c5c-9426-6aad65231edd,4777822b-10c5-4fcc-b579-c0efd1afa15c,2025-08-20 16:56:51.476878+00:00
307,4ae8a79e-f66d-4881-89c6-e0ae9b81cde1,48d47bde-8328-4eab-b37e-74af0dd9ce1b,2025-08-20 16:56:53.512821+00:00
308,fa8472f7-0772-4873-b342-f338744063a4,4777822b-10c5-4fcc-b579-c0efd1afa15c,2025-08-20 16:56:56.148724+00:00
309,4406dbda-ab77-46da-bc70-bb2830ba398a,c3cc7e19-b762-400d-a8f3-4c129b8e4963,2025-08-20 16:56:56.585422+00:00
310,cf890e40-45e5-466a-8808-77a7a58cdb46,82045762-e0d5-431c-9679-d2c6289582a9,2025-08-20 16:56:57.228155+00:00
311,4777822b-10c5-4fcc-b579-c0efd1afa15c,95fd7074-1fca-4c41-b633-15d3fe6b834d,2025-08-20 16:57:00.570775+00:00
312,d5296f5f-76f8-4c5c-9426-6aad65231edd,a912f701-aa4d-42dd-8e7d-3f2364056d04,2025-08-20 16:57:15.491996+00:00
313,4ae8a79e-f66d-4881-89c6-e0ae9b81cde1,d5296f5f-76f8-4c5c-9426-6aad65231edd,2025-08-20 16:57:29.552067+00:00
314,0db8f1f7-837d-4a93-a647-0ccd6952ed6e,fa8472f7-0772-4873-b342-f338744063a4,2025-08-20 16:57:31.796031+00:00
315,6c97f1fa-47fd-4473-8fdb-0d56b3a573d4,add66e0e-7db1-4dd3-ab7a-2c99db99d002,2025-08-20 16:57:35.668632+00:00
316,fa8472f7-0772-4873-b342-f338744063a4,d5296f5f-76f8-4c5c-9426-6aad65231edd,2025-08-20 16:57:38.195317+00:00
317,6eede6d5-ae24-4c15-9afb-4768cb64e91e,ee52d966-64ce-4cdd-9672-469ff21fd474,2025-08-20 16:57:39.139116+00:00
318,ea7981d8-1421-4869-9735-f2dfcc54d09e,8441b70e-9e21-4f71-8f55-6d1480a81ac9,2025-08-20 16:57:43.579387+00:00
319,53ffb562-7bad-4b4b-a731-be2f58b5fc50,4ce8d9a7-feee-4f5a-8155-fd28b6f81962,2025-08-20 16:57:45.410072+00:00
320,2a18e1fd-66b9-41bb-8e78-4cc062ce0743,1fb1b413-184a-4335-bdcc-184a45d239e2,2025-08-20 16:57:50.522434+00:00
321,4777822b-10c5-4fcc-b579-c0efd1afa15c,55e93951-135c-4ca6-8089-f324d6aaae2d,2025-08-20 16:57:58.647277+00:00
322,64d2bc8b-98de-402a-b82e-4ec4056e2da3,9d8a0438-b6ce-4b90-80ea-81769b2c4700,2025-08-20 16:57:59.189173+00:00
323,3038002c-a14a-421b-88f8-7202f2403bfc,0fecce77-7aeb-40d8-916c-0ba57ee861aa,2025-08-20 16:58:04.662517+00:00
324,53ffb562-7bad-4b4b-a731-be2f58b5fc50,1223397b-e59e-4f08-8d0a-8acb5a4757ab,2025-08-20 16:58:10.444665+00:00
325,7a147ec5-4445-4a62-be28-2b2509047dcf,95fd7074-1fca-4c41-b633-15d3fe6b834d,2025-08-20 16:58:18.663219+00:00
326,6eede6d5-ae24-4c15-9afb-4768cb64e91e,4ce8d9a7-feee-4f5a-8155-fd28b6f81962,2025-08-20 16:58:21.206540+00:00
327,9480b3bb-4337-419c-8a45-713bfee7320b,980bef06-f0ed-4833-a9cc-0d300ec5fe42,2025-08-20 16:58:26.247695+00:00
328,fd94f491-adb8-4bb2-8357-7d4bdc034964,4406dbda-ab77-46da-bc70-bb2830ba398a,2025-08-20 16:58:29.325546+00:00
329,d32cdc92-e433-4268-9d0d-6c3aef30b0e8,0fecce77-7aeb-40d8-916c-0ba57ee861aa,2025-08-20 16:58:29.372344+00:00
330,2085d2ba-7096-401e-8604-39ae6029127a,980bef06-f0ed-4833-a9cc-0d300ec5fe42,2025-08-20 16:58:29.850879+00:00
331,2085d2ba-7096-401e-8604-39ae6029127a,8f54a112-983e-4997-9827-266c00b9a496,2025-08-20 16:58:29.891417+00:00
332,66bff972-f439-4808-85a4-68353791aa72,980bef06-f0ed-4833-a9cc-0d300ec5fe42,2025-08-20 16:58:35.185625+00:00
333,2a18e1fd-66b9-41bb-8e78-4cc062ce0743,7d7383bd-c7f1-467a-b024-0bf3f9b8c631,2025-08-20 16:58:40.617384+00:00
334,cf890e40-45e5-466a-8808-77a7a58cdb46,fd94f491-adb8-4bb2-8357-7d4bdc034964,2025-08-20 16:58:41.319555+00:00
335,77d4cecd-e463-472e-8c08-5e0180573d53,82045762-e0d5-431c-9679-d2c6289582a9,2025-08-20 16:58:41.368787+00:00
336,66bff972-f439-4808-85a4-68353791aa72,48d47bde-8328-4eab-b37e-74af0dd9ce1b,2025-08-20 16:58:57.267327+00:00
337,64d2bc8b-98de-402a-b82e-4ec4056e2da3,9d8a0438-b6ce-4b90-80ea-81769b2c4700,2025-08-20 16:58:59.236365+00:00
338,309a70aa-93a1-4641-a8b8-34d0c4929a05,4ae8a79e-f66d-4881-89c6-e0ae9b81cde1,2025-08-20 16:59:00.813755+00:00
339,286e9116-6fc0-4f1c-9d85-273ea9466b32,7ec69c02-95df-4071-a056-0c7590c4a23e,2025-08-20 16:59:02.581031+00:00
340,b15eba65-7478-4827-91f4-86dcd7c4c443,4406dbda-ab77-46da-bc70-bb2830ba398a,2025-08-20 16:59:37.250270+00:00
341,ee52d966-64ce-4cdd-9672-469ff21fd474,54db1269-9bab-4199-a6ff-0388bb745ab8,2025-08-20 16:59:39.660900+00:00
342,33090fc5-b83d-4dcd-9f42-16780e6bf7ee,286e9116-6fc0-4f1c-9d85-273ea9466b32,2025-08-20 16:59:41.884355+00:00
343,3038002c-a14a-421b-88f8-7202f2403bfc,286e9116-6fc0-4f1c-9d85-273ea9466b32,2025-08-20 16:59:44.795666+00:00
344,286e9116-6fc0-4f1c-9d85-273ea9466b32,dd84b194-0aa1-4655-b403-362812f00c3f,2025-08-20 16:59:52.659460+00:00
345,ab99235d-9cb8-416c-a352-3b77624a38c6,7a44ddbc-ea3a-4a97-8fbc-ac2c45d6c874,2025-08-20 17:00:10.624337+00:00
346,15a1cf8a-e6dc-4560-b269-0f478c1c91a1,55e93951-135c-4ca6-8089-f324d6aaae2d,2025-08-20 17:00:11.296497+00:00
347,6eede6d5-ae24-4c15-9afb-4768cb64e91e,53ffb562-7bad-4b4b-a731-be2f58b5fc50,2025-08-20 17:00:16.418122+00:00
348,02c8739c-1e84-4a3c-a154-3e6d8a040b79,8c733097-9454-4cbc-ace0-7f217b7672f2,2025-08-20 17:00:22.492182+00:00
349,d5296f5f-76f8-4c5c-9426-6aad65231edd,1fb1b413-184a-4335-bdcc-184a45d239e2,2025-08-20 17:00:34.747706+00:00
350,add66e0e-7db1-4dd3-ab7a-2c99db99d002,7ec69c02-95df-4071-a056-0c7590c4a23e,2025-08-20 17:00:46.646781+00:00
351,add66e0e-7db1-4dd3-ab7a-2c99db99d002,55e93951-135c-4ca6-8089-f324d6aaae2d,2025-08-20 17:00:46.693212+00:00
352,55e93951-135c-4ca6-8089-f324d6aaae2d,54db1269-9bab-4199-a6ff-0388bb745ab8,2025-08-20 17:00:57.617447+00:00
353,66bff972-f439-4808-85a4-68353791aa72,2085d2ba-7096-401e-8604-39ae6029127a,2025-08-20 17:00:58.410371+00:00
354,7b471bb2-ac3d-47ff-ae14-a65d5e91b304,6236392d-ab15-49c5-a554-b33aea2258b7,2025-08-20 17:00:59.595799+00:00
355,53ffb562-7bad-4b4b-a731-be2f58b5fc50,6236392d-ab15-49c5-a554-b33aea2258b7,2025-08-20 17:01:01.568416+00:00
356,7d7383bd-c7f1-467a-b024-0bf3f9b8c631,46753cf5-035e-4710-b184-e589d417b606,2025-08-20 17:01:04.872833+00:00
357,ee52d966-64ce-4cdd-9672-469ff21fd474,0db8f1f7-837d-4a93-a647-0ccd6952ed6e,2025-08-20 17:01:08.791608+00:00
358,6236392d-ab15-49c5-a554-b33aea2258b7,7a44ddbc-ea3a-4a97-8fbc-ac2c45d6c874,2025-08-20 17:01:09.917123+00:00
359,50b8d5f9-4018-43ff-a5d1-d3256859013c,77d4cecd-e463-472e-8c08-5e0180573d53,2025-08-20 17:01:29.412962+00:00
360,77d4cecd-e463-472e-8c08-5e0180573d53,66bff972-f439-4808-85a4-68353791aa72,2025-08-20 17:01:39.571522+00:00
361,77d4cecd-e463-472e-8c08-5e0180573d53,46753cf5-035e-4710-b184-e589d417b606,2025-08-20 17:01:39.620928+00:00
362,0db8f1f7-837d-4a93-a647-0ccd6952ed6e,9d8a0438-b6ce-4b90-80ea-81769b2c4700,2025-08-20 17:01:46.117059+00:00
363,286e9116-6fc0-4f1c-9d85-273ea9466b32,2a18e1fd-66b9-41bb-8e78-4cc062ce0743,2025-08-20 17:02:24.835850+00:00
364,ee884d28-d7df-4f64-8ac2-9f7fceff0055,d32cdc92-e433-4268-9d0d-6c3aef30b0e8,2025-08-20 17:02:39.622744+00:00
365,6c97f1fa-47fd-4473-8fdb-0d56b3a573d4,34c28c35-2148-4642-a8c9-2c6df816e209,2025-08-20 17:02:43.030379+00:00
366,4777822b-10c5-4fcc-b579-c0efd1afa15c,7a44ddbc-ea3a-4a97-8fbc-ac2c45d6c874,2025-08-20 17:02:49.916139+00:00
367,1223397b-e59e-4f08-8d0a-8acb5a4757ab,50b8d5f9-4018-43ff-a5d1-d3256859013c,2025-08-20 17:02:54.148818+00:00
368,9d8a0438-b6ce-4b90-80ea-81769b2c4700,6c97f1fa-47fd-4473-8fdb-0d56b3a573d4,2025-08-20 17:02:55.737820+00:00
369,d32cdc92-e433-4268-9d0d-6c3aef30b0e8,add66e0e-7db1-4dd3-ab7a-2c99db99d002,2025-08-20 17:03:08.771198+00:00
370,15a1cf8a-e6dc-4560-b269-0f478c1c91a1,d32cdc92-e433-4268-9d0d-6c3aef30b0e8,2025-08-20 17:03:20.502904+00:00
371,31eb3b33-5fc7-4caa-927e-f39b1a0895e3,4406dbda-ab77-46da-bc70-bb2830ba398a,2025-08-20 17:03:27.986916+00:00
372,4ae8a79e-f66d-4881-89c6-e0ae9b81cde1,58065cb7-0a19-40c6-821c-b97526394913,2025-08-20 17:03:29.026004+00:00
373,9d8a0438-b6ce-4b90-80ea-81769b2c4700,46753cf5-035e-4710-b184-e589d417b606,2025-08-20 17:03:30.770931+00:00
374,58065cb7-0a19-40c6-821c-b97526394913,55e93951-135c-4ca6-8089-f324d6aaae2d,2025-08-20 17:03:31.927877+00:00
375,64d2bc8b-98de-402a-b82e-4ec4056e2da3,286e9116-6fc0-4f1c-9d85-273ea9466b32,2025-08-20 17:03:36.587282+00:00
376,ee884d28-d7df-4f64-8ac2-9f7fceff0055,66bff972-f439-4808-85a4-68353791aa72,2025-08-20 17:03:39.693530+00:00
377,add66e0e-7db1-4dd3-ab7a-2c99db99d002,02c8739c-1e84-4a3c-a154-3e6d8a040b79,2025-08-20 17:03:44.858742+00:00
378,82045762-e0d5-431c-9679-d2c6289582a9,4406dbda-ab77-46da-bc70-bb2830ba398a,2025-08-20 17:04:04.288779+00:00
379,2a18e1fd-66b9-41bb-8e78-4cc062ce0743,fd94f491-adb8-4bb2-8357-7d4bdc034964,2025-08-20 17:04:11.079205+00:00
380,4ce8d9a7-feee-4f5a-8155-fd28b6f81962,7a44ddbc-ea3a-4a97-8fbc-ac2c45d6c874,2025-08-20 17:04:19.393177+00:00
381,6eede6d5-ae24-4c15-9afb-4768cb64e91e,4ce8d9a7-feee-4f5a-8155-fd28b6f81962,2025-08-20 17:04:19.729161+00:00
382,4ce8d9a7-feee-4f5a-8155-fd28b6f81962,e4c6afd4-c15c-4f5c-b76f-efae48e27218,2025-08-20 17:04:34.423591+00:00
383,64d2bc8b-98de-402a-b82e-4ec4056e2da3,46753cf5-035e-4710-b184-e589d417b606,2025-08-20 17:04:46.625941+00:00
384,48d47bde-8328-4eab-b37e-74af0dd9ce1b,d5296f5f-76f8-4c5c-9426-6aad65231edd,2025-08-20 17:04:51.665868+00:00
385,4777822b-10c5-4fcc-b579-c0efd1afa15c,6c97f1fa-47fd-4473-8fdb-0d56b3a573d4,2025-08-20 17:04:53.041910+00:00
386,c3cc7e19-b762-400d-a8f3-4c129b8e4963,6236392d-ab15-49c5-a554-b33aea2258b7,2025-08-20 17:05:15.599837+00:00
387,50b8d5f9-4018-43ff-a5d1-d3256859013c,9d8a0438-b6ce-4b90-80ea-81769b2c4700,2025-08-20 17:05:15.642472+00:00
388,3038002c-a14a-421b-88f8-7202f2403bfc,fd94f491-adb8-4bb2-8357-7d4bdc034964,2025-08-20 17:05:23.234340+00:00
389,7a147ec5-4445-4a62-be28-2b2509047dcf,a912f701-aa4d-42dd-8e7d-3f2364056d04,2025-08-20 17:05:26.121220+00:00
390,4777822b-10c5-4fcc-b579-c0efd1afa15c,7a147ec5-4445-4a62-be28-2b2509047dcf,2025-08-20 17:05:27.072035+00:00
391,980bef06-f0ed-4833-a9cc-0d300ec5fe42,4406dbda-ab77-46da-bc70-bb2830ba398a,2025-08-20 17:05:32.037865+00:00
392,980bef06-f0ed-4833-a9cc-0d300ec5fe42,0db8f1f7-837d-4a93-a647-0ccd6952ed6e,2025-08-20 17:05:32.084556+00:00
393,95fd7074-1fca-4c41-b633-15d3fe6b834d,a912f701-aa4d-42dd-8e7d-3f2364056d04,2025-08-20 17:05:32.132041+00:00
394,ee52d966-64ce-4cdd-9672-469ff21fd474,cf890e40-45e5-466a-8808-77a7a58cdb46,2025-08-20 17:05:38.121182+00:00
395,8441b70e-9e21-4f71-8f55-6d1480a81ac9,54db1269-9bab-4199-a6ff-0388bb745ab8,2025-08-20 17:05:44.102354+00:00
396,7a147ec5-4445-4a62-be28-2b2509047dcf,a912f701-aa4d-42dd-8e7d-3f2364056d04,2025-08-20 17:05:49.193872+00:00
397,8c733097-9454-4cbc-ace0-7f217b7672f2,6236392d-ab15-49c5-a554-b33aea2258b7,2025-08-20 17:05:50.915259+00:00
398,7ec69c02-95df-4071-a056-0c7590c4a23e,18994e5c-7094-4f7b-8712-c11008542038,2025-08-20 17:05:56.233066+00:00
399,6236392d-ab15-49c5-a554-b33aea2258b7,53ffb562-7bad-4b4b-a731-be2f58b5fc50,2025-08-20 17:05:58.287293+00:00
400,18994e5c-7094-4f7b-8712-c11008542038,7ec69c02-95df-4071-a056-0c7590c4a23e,2025-08-20 17:05:58.849047+00:00
401,ee884d28-d7df-4f64-8ac2-9f7fceff0055,48d47bde-8328-4eab-b37e-74af0dd9ce1b,2025-08-20 17:05:58.894494+00:00
402,cf890e40-45e5-466a-8808-77a7a58cdb46,82045762-e0d5-431c-9679-d2c6289582a9,2025-08-20 17:06:02.872398+00:00
403,6c97f1fa-47fd-4473-8fdb-0d56b3a573d4,02c8739c-1e84-4a3c-a154-3e6d8a040b79,2025-08-20 17:06:05.313653+00:00
404,7b471bb2-ac3d-47ff-ae14-a65d5e91b304,e4c6afd4-c15c-4f5c-b76f-efae48e27218,2025-08-20 17:06:07.071900+00:00
405,50b8d5f9-4018-43ff-a5d1-d3256859013c,31eb3b33-5fc7-4caa-927e-f39b1a0895e3,2025-08-20 17:06:18.657581+00:00
406,9d8a0438-b6ce-4b90-80ea-81769b2c4700,8c733097-9454-4cbc-ace0-7f217b7672f2,2025-08-20 17:06:22.990171+00:00
407,48d47bde-8328-4eab-b37e-74af0dd9ce1b,cf890e40-45e5-466a-8808-77a7a58cdb46,2025-08-20 17:06:28.797676+00:00
408,53ffb562-7bad-4b4b-a731-be2f58b5fc50,b15eba65-7478-4827-91f4-86dcd7c4c443,2025-08-20 17:06:35.971680+00:00
409,ee52d966-64ce-4cdd-9672-469ff21fd474,fd94f491-adb8-4bb2-8357-7d4bdc034964,2025-08-20 17:06:44.172558+00:00
410,34c28c35-2148-4642-a8c9-2c6df816e209,50b8d5f9-4018-43ff-a5d1-d3256859013c,2025-08-20 17:06:45.484818+00:00
411,fd94f491-adb8-4bb2-8357-7d4bdc034964,77d4cecd-e463-472e-8c08-5e0180573d53,2025-08-20 17:06:48.051476+00:00
412,8441b70e-9e21-4f71-8f55-6d1480a81ac9,6c97f1fa-47fd-4473-8fdb-0d56b3a573d4,2025-08-20 17:06:48.192468+00:00
413,82045762-e0d5-431c-9679-d2c6289582a9,18994e5c-7094-4f7b-8712-c11008542038,2025-08-20 17:06:52.492383+00:00
414,31eb3b33-5fc7-4caa-927e-f39b1a0895e3,cf890e40-45e5-466a-8808-77a7a58cdb46,2025-08-20 17:06:57.204247+00:00
415,0db8f1f7-837d-4a93-a647-0ccd6952ed6e,31eb3b33-5fc7-4caa-927e-f39b1a0895e3,2025-08-20 17:07:00.464056+00:00
416,8f54a112-983e-4997-9827-266c00b9a496,2085d2ba-7096-401e-8604-39ae6029127a,2025-08-20 17:07:03.895682+00:00
417,ab99235d-9cb8-416c-a352-3b77624a38c6,7ec69c02-95df-4071-a056-0c7590c4a23e,2025-08-20 17:07:05.037864+00:00
418,ab99235d-9cb8-416c-a352-3b77624a38c6,53ffb562-7bad-4b4b-a731-be2f58b5fc50,2025-08-20 17:07:05.083601+00:00
419,1fb1b413-184a-4335-bdcc-184a45d239e2,95fd7074-1fca-4c41-b633-15d3fe6b834d,2025-08-20 17:07:14.449209+00:00
420,8c733097-9454-4cbc-ace0-7f217b7672f2,18994e5c-7094-4f7b-8712-c11008542038,2025-08-20 17:07:20.071715+00:00
421,4777822b-10c5-4fcc-b579-c0efd1afa15c,33090fc5-b83d-4dcd-9f42-16780e6bf7ee,2025-08-20 17:07:30.184769+00:00
422,1223397b-e59e-4f08-8d0a-8acb5a4757ab,6c97f1fa-47fd-4473-8fdb-0d56b3a573d4,2025-08-20 17:07:34.493241+00:00
423,286e9116-6fc0-4f1c-9d85-273ea9466b32,77d4cecd-e463-472e-8c08-5e0180573d53,2025-08-20 17:07:35.297725+00:00
424,dd84b194-0aa1-4655-b403-362812f00c3f,fd94f491-adb8-4bb2-8357-7d4bdc034964,2025-08-20 17:07:51.979428+00:00
425,31eb3b33-5fc7-4caa-927e-f39b1a0895e3,48d47bde-8328-4eab-b37e-74af0dd9ce1b,2025-08-20 17:08:01.235621+00:00
426,0fecce77-7aeb-40d8-916c-0ba57ee861aa,ea7981d8-1421-4869-9735-f2dfcc54d09e,2025-08-20 17:08:02.112408+00:00
427,3038002c-a14a-421b-88f8-7202f2403bfc,286e9116-6fc0-4f1c-9d85-273ea9466b32,2025-08-20 17:08:05.390168+00:00
428,fd94f491-adb8-4bb2-8357-7d4bdc034964,33090fc5-b83d-4dcd-9f42-16780e6bf7ee,2025-08-20 17:08:06.181755+00:00
429,dd84b194-0aa1-4655-b403-362812f00c3f,33090fc5-b83d-4dcd-9f42-16780e6bf7ee,2025-08-20 17:08:20.019102+00:00
430,6eede6d5-ae24-4c15-9afb-4768cb64e91e,b15eba65-7478-4827-91f4-86dcd7c4c443,2025-08-20 17:08:21.082531+00:00
431,e4c6afd4-c15c-4f5c-b76f-efae48e27218,64d2bc8b-98de-402a-b82e-4ec4056e2da3,2025-08-20 17:08:22.336107+00:00
432,e4c6afd4-c15c-4f5c-b76f-efae48e27218,55e93951-135c-4ca6-8089-f324d6aaae2d,2025-08-20 17:08:22.381278+00:00
433,0db8f1f7-837d-4a93-a647-0ccd6952ed6e,95fd7074-1fca-4c41-b633-15d3fe6b834d,2025-08-20 17:08:23.557173+00:00
434,9480b3bb-4337-419c-8a45-713bfee7320b,2085d2ba-7096-401e-8604-39ae6029127a,2025-08-20 17:08:27.945893+00:00
435,dd84b194-0aa1-4655-b403-362812f00c3f,4ae8a79e-f66d-4881-89c6-e0ae9b81cde1,2025-08-20 17:08:41.097537+00:00
436,18994e5c-7094-4f7b-8712-c11008542038,4ce8d9a7-feee-4f5a-8155-fd28b6f81962,2025-08-20 17:08:51.135891+00:00
437,31eb3b33-5fc7-4caa-927e-f39b1a0895e3,66bff972-f439-4808-85a4-68353791aa72,2025-08-20 17:08:58.273271+00:00
438,9480b3bb-4337-419c-8a45-713bfee7320b,82045762-e0d5-431c-9679-d2c6289582a9,2025-08-20 17:08:58.976631+00:00
439,55e93951-135c-4ca6-8089-f324d6aaae2d,8c733097-9454-4cbc-ace0-7f217b7672f2,2025-08-20 17:09:00.198035+00:00
440,58065cb7-0a19-40c6-821c-b97526394913,53ffb562-7bad-4b4b-a731-be2f58b5fc50,2025-08-20 17:09:00.274206+00:00
441,7d7383bd-c7f1-467a-b024-0bf3f9b8c631,64d2bc8b-98de-402a-b82e-4ec4056e2da3,2025-08-20 17:09:00.450515+00:00
442,77d4cecd-e463-472e-8c08-5e0180573d53,7d7383bd-c7f1-467a-b024-0bf3f9b8c631,2025-08-20 17:09:05.043586+00:00
443,53ffb562-7bad-4b4b-a731-be2f58b5fc50,66bff972-f439-4808-85a4-68353791aa72,2025-08-20 17:09:10.213026+00:00
444,4406dbda-ab77-46da-bc70-bb2830ba398a,fd94f491-adb8-4bb2-8357-7d4bdc034964,2025-08-20 17:09:13.519618+00:00
445,31eb3b33-5fc7-4caa-927e-f39b1a0895e3,0db8f1f7-837d-4a93-a647-0ccd6952ed6e,2025-08-20 17:09:22.308572+00:00
446,1fb1b413-184a-4335-bdcc-184a45d239e2,95fd7074-1fca-4c41-b633-15d3fe6b834d,2025-08-20 17:09:22.562143+00:00
447,c3cc7e19-b762-400d-a8f3-4c129b8e4963,4ae8a79e-f66d-4881-89c6-e0ae9b81cde1,2025-08-20 17:09:32.915754+00:00
448,ea7981d8-1421-4869-9735-f2dfcc54d09e,9d8a0438-b6ce-4b90-80ea-81769b2c4700,2025-08-20 17:09:33.448072+00:00
449,fd94f491-adb8-4bb2-8357-7d4bdc034964,2a18e1fd-66b9-41bb-8e78-4cc062ce0743,2025-08-20 17:09:42.285909+00:00
450,6eede6d5-ae24-4c15-9afb-4768cb64e91e,34c28c35-2148-4642-a8c9-2c6df816e209,2025-08-20 17:09:43.172551+00:00
451,4406dbda-ab77-46da-bc70-bb2830ba398a,cf890e40-45e5-466a-8808-77a7a58cdb46,2025-08-20 17:09:43.543342+00:00
452,55e93951-135c-4ca6-8089-f324d6aaae2d,64d2bc8b-98de-402a-b82e-4ec4056e2da3,2025-08-20 17:10:02.259135+00:00
453,4ce8d9a7-feee-4f5a-8155-fd28b6f81962,b15eba65-7478-4827-91f4-86dcd7c4c443,2025-08-20 17:10:08.694669+00:00
454,18994e5c-7094-4f7b-8712-c11008542038,ab99235d-9cb8-416c-a352-3b77624a38c6,2025-08-20 17:10:12.225817+00:00
455,18994e5c-7094-4f7b-8712-c11008542038,55e93951-135c-4ca6-8089-f324d6aaae2d,2025-08-20 17:10:12.268845+00:00
456,8441b70e-9e21-4f71-8f55-6d1480a81ac9,1223397b-e59e-4f08-8d0a-8acb5a4757ab,2025-08-20 17:10:25.459682+00:00
457,31eb3b33-5fc7-4caa-927e-f39b1a0895e3,c3cc7e19-b762-400d-a8f3-4c129b8e4963,2025-08-20 17:10:25.509838+00:00
458,95fd7074-1fca-4c41-b633-15d3fe6b834d,2a18e1fd-66b9-41bb-8e78-4cc062ce0743,2025-08-20 17:10:34.522942+00:00
459,95fd7074-1fca-4c41-b633-15d3fe6b834d,1fb1b413-184a-4335-bdcc-184a45d239e2,2025-08-20 17:10:34.572970+00:00
460,66bff972-f439-4808-85a4-68353791aa72,ea7981d8-1421-4869-9735-f2dfcc54d09e,2025-08-20 17:10:36.170822+00:00
461,0fecce77-7aeb-40d8-916c-0ba57ee861aa,286e9116-6fc0-4f1c-9d85-273ea9466b32,2025-08-20 17:10:42.330274+00:00
462,286e9116-6fc0-4f1c-9d85-273ea9466b32,3038002c-a14a-421b-88f8-7202f2403bfc,2025-08-20 17:10:45.502790+00:00
463,31eb3b33-5fc7-4caa-927e-f39b1a0895e3,ee52d966-64ce-4cdd-9672-469ff21fd474,2025-08-20 17:10:54.555194+00:00
464,8441b70e-9e21-4f71-8f55-6d1480a81ac9,33090fc5-b83d-4dcd-9f42-16780e6bf7ee,2025-08-20 17:10:55.469448+00:00
465,2a18e1fd-66b9-41bb-8e78-4cc062ce0743,6eede6d5-ae24-4c15-9afb-4768cb64e91e,2025-08-20 17:11:02.738286+00:00
466,d32cdc92-e433-4268-9d0d-6c3aef30b0e8,7ec69c02-95df-4071-a056-0c7590c4a23e,2025-08-20 17:11:05.344764+00:00
467,9480b3bb-4337-419c-8a45-713bfee7320b,ea7981d8-1421-4869-9735-f2dfcc54d09e,2025-08-20 17:11:20.136454+00:00
468,cf890e40-45e5-466a-8808-77a7a58cdb46,ee52d966-64ce-4cdd-9672-469ff21fd474,2025-08-20 17:11:20.184700+00:00
469,54db1269-9bab-4199-a6ff-0388bb745ab8,309a70aa-93a1-4641-a8b8-34d0c4929a05,2025-08-20 17:11:21.474331+00:00
470,48d47bde-8328-4eab-b37e-74af0dd9ce1b,31eb3b33-5fc7-4caa-927e-f39b1a0895e3,2025-08-20 17:11:25.217356+00:00
471,0db8f1f7-837d-4a93-a647-0ccd6952ed6e,ee52d966-64ce-4cdd-9672-469ff21fd474,2025-08-20 17:11:27.760150+00:00
472,0db8f1f7-837d-4a93-a647-0ccd6952ed6e,82045762-e0d5-431c-9679-d2c6289582a9,2025-08-20 17:11:27.804948+00:00
473,8c733097-9454-4cbc-ace0-7f217b7672f2,8441b70e-9e21-4f71-8f55-6d1480a81ac9,2025-08-20 17:11:29.335621+00:00
474,8f54a112-983e-4997-9827-266c00b9a496,ea7981d8-1421-4869-9735-f2dfcc54d09e,2025-08-20 17:11:31.248591+00:00
475,309a70aa-93a1-4641-a8b8-34d0c4929a05,54db1269-9bab-4199-a6ff-0388bb745ab8,2025-08-20 17:11:31.757389+00:00
476,ea7981d8-1421-4869-9735-f2dfcc54d09e,9480b3bb-4337-419c-8a45-713bfee7320b,2025-08-20 17:11:33.546137+00:00
477,9d8a0438-b6ce-4b90-80ea-81769b2c4700,15a1cf8a-e6dc-4560-b269-0f478c1c91a1,2025-08-20 17:11:44.450262+00:00
478,0db8f1f7-837d-4a93-a647-0ccd6952ed6e,31eb3b33-5fc7-4caa-927e-f39b1a0895e3,2025-08-20 17:11:46.797521+00:00
479,0db8f1f7-837d-4a93-a647-0ccd6952ed6e,ee52d966-64ce-4cdd-9672-469ff21fd474,2025-08-20 17:11:46.841457+00:00
480,ee52d966-64ce-4cdd-9672-469ff21fd474,31eb3b33-5fc7-4caa-927e-f39b1a0895e3,2025-08-20 17:11:54.522094+00:00
481,ee52d966-64ce-4cdd-9672-469ff21fd474,48d47bde-8328-4eab-b37e-74af0dd9ce1b,2025-08-20 17:11:54.571136+00:00
482,31eb3b33-5fc7-4caa-927e-f39b1a0895e3,95fd7074-1fca-4c41-b633-15d3fe6b834d,2025-08-20 17:11:55.612898+00:00
483,18994e5c-7094-4f7b-8712-c11008542038,4ae8a79e-f66d-4881-89c6-e0ae9b81cde1,2025-08-20 17:12:08.395869+00:00
484,dd84b194-0aa1-4655-b403-362812f00c3f,cf890e40-45e5-466a-8808-77a7a58cdb46,2025-08-20 17:12:10.280696+00:00
485,309a70aa-93a1-4641-a8b8-34d0c4929a05,4ae8a79e-f66d-4881-89c6-e0ae9b81cde1,2025-08-20 17:12:10.808923+00:00
486,4ae8a79e-f66d-4881-89c6-e0ae9b81cde1,54db1269-9bab-4199-a6ff-0388bb745ab8,2025-08-20 17:12:12.643110+00:00
487,cf890e40-45e5-466a-8808-77a7a58cdb46,2a18e1fd-66b9-41bb-8e78-4cc062ce0743,2025-08-20 17:12:16.292726+00:00
488,53ffb562-7bad-4b4b-a731-be2f58b5fc50,4ce8d9a7-feee-4f5a-8155-fd28b6f81962,2025-08-20 17:12:23.474031+00:00
489,4777822b-10c5-4fcc-b579-c0efd1afa15c,a912f701-aa4d-42dd-8e7d-3f2364056d04,2025-08-20 17:12:34.616966+00:00
490,9480b3bb-4337-419c-8a45-713bfee7320b,ea7981d8-1421-4869-9735-f2dfcc54d09e,2025-08-20 17:12:40.241702+00:00
491,6eede6d5-ae24-4c15-9afb-4768cb64e91e,7a147ec5-4445-4a62-be28-2b2509047dcf,2025-08-20 17:12:41.345533+00:00
492,ee884d28-d7df-4f64-8ac2-9f7fceff0055,ea7981d8-1421-4869-9735-f2dfcc54d09e,2025-08-20 17:12:45.483743+00:00
493,02c8739c-1e84-4a3c-a154-3e6d8a040b79,dd84b194-0aa1-4655-b403-362812f00c3f,2025-08-20 17:12:49.499909+00:00
494,4406dbda-ab77-46da-bc70-bb2830ba398a,b15eba65-7478-4827-91f4-86dcd7c4c443,2025-08-20 17:12:58.788041+00:00
495,1fb1b413-184a-4335-bdcc-184a45d239e2,fd94f491-adb8-4bb2-8357-7d4bdc034964,2025-08-20 17:12:58.832913+00:00
496,4ce8d9a7-feee-4f5a-8155-fd28b6f81962,7a44ddbc-ea3a-4a97-8fbc-ac2c45d6c874,2025-08-20 17:13:05.946545+00:00
497,48d47bde-8328-4eab-b37e-74af0dd9ce1b,31eb3b33-5fc7-4caa-927e-f39b1a0895e3,2025-08-20 17:13:14.353149+00:00
498,ee52d966-64ce-4cdd-9672-469ff21fd474,48d47bde-8328-4eab-b37e-74af0dd9ce1b,2025-08-20 17:13:27.612755+00:00
499,31eb3b33-5fc7-4caa-927e-f39b1a0895e3,66bff972-f439-4808-85a4-68353791aa72,2025-08-20 17:13:39.731058+00:00
500,34c28c35-2148-4642-a8c9-2c6df816e209,46753cf5-035e-4710-b184-e589d417b606,2025-08-20 17:13:39.941324+00:00
501,7a44ddbc-ea3a-4a97-8fbc-ac2c45d6c874,0fecce77-7aeb-40d8-916c-0ba57ee861aa,2025-08-20 17:13:43.623961+00:00
502,77d4cecd-e463-472e-8c08-5e0180573d53,46753cf5-035e-4710-b184-e589d417b606,2025-08-20 17:13:44.390072+00:00
503,0fecce77-7aeb-40d8-916c-0ba57ee861aa,d32cdc92-e433-4268-9d0d-6c3aef30b0e8,2025-08-20 17:13:52.617757+00:00
504,7d7383bd-c7f1-467a-b024-0bf3f9b8c631,34c28c35-2148-4642-a8c9-2c6df816e209,2025-08-20 17:13:58.766595+00:00
505,2085d2ba-7096-401e-8604-39ae6029127a,02c8739c-1e84-4a3c-a154-3e6d8a040b79,2025-08-20 17:14:09.084823+00:00
506,2a18e1fd-66b9-41bb-8e78-4cc062ce0743,fd94f491-adb8-4bb2-8357-7d4bdc034964,2025-08-20 17:14:16.924694+00:00
507,48d47bde-8328-4eab-b37e-74af0dd9ce1b,dd84b194-0aa1-4655-b403-362812f00c3f,2025-08-20 17:14:19.456126+00:00
508,ee52d966-64ce-4cdd-9672-469ff21fd474,95fd7074-1fca-4c41-b633-15d3fe6b834d,2025-08-20 17:14:21.685982+00:00
509,0fecce77-7aeb-40d8-916c-0ba57ee861aa,6236392d-ab15-49c5-a554-b33aea2258b7,2025-08-20 17:14:23.641820+00:00
510,64d2bc8b-98de-402a-b82e-4ec4056e2da3,8f54a112-983e-4997-9827-266c00b9a496,2025-08-20 17:14:25.328270+00:00
511,31eb3b33-5fc7-4caa-927e-f39b1a0895e3,7b471bb2-ac3d-47ff-ae14-a65d5e91b304,2025-08-20 17:14:27.754842+00:00
512,d32cdc92-e433-4268-9d0d-6c3aef30b0e8,6c97f1fa-47fd-4473-8fdb-0d56b3a573d4,2025-08-20 17:14:31.536048+00:00
513,2085d2ba-7096-401e-8604-39ae6029127a,9480b3bb-4337-419c-8a45-713bfee7320b,2025-08-20 17:14:32.100464+00:00
514,9480b3bb-4337-419c-8a45-713bfee7320b,2085d2ba-7096-401e-8604-39ae6029127a,2025-08-20 17:14:44.394671+00:00
515,02c8739c-1e84-4a3c-a154-3e6d8a040b79,4ce8d9a7-feee-4f5a-8155-fd28b6f81962,2025-08-20 17:14:49.655866+00:00
516,cf890e40-45e5-466a-8808-77a7a58cdb46,4406dbda-ab77-46da-bc70-bb2830ba398a,2025-08-20 17:14:52.475186+00:00
517,18994e5c-7094-4f7b-8712-c11008542038,ea7981d8-1421-4869-9735-f2dfcc54d09e,2025-08-20 17:14:52.534142+00:00
518,ea7981d8-1421-4869-9735-f2dfcc54d09e,9480b3bb-4337-419c-8a45-713bfee7320b,2025-08-20 17:14:54.757033+00:00
519,66bff972-f439-4808-85a4-68353791aa72,ea7981d8-1421-4869-9735-f2dfcc54d09e,2025-08-20 17:14:55.431709+00:00
520,31eb3b33-5fc7-4caa-927e-f39b1a0895e3,4406dbda-ab77-46da-bc70-bb2830ba398a,2025-08-20 17:15:01.787113+00:00
521,4406dbda-ab77-46da-bc70-bb2830ba398a,d32cdc92-e433-4268-9d0d-6c3aef30b0e8,2025-08-20 17:15:13.960039+00:00
522,309a70aa-93a1-4641-a8b8-34d0c4929a05,2a18e1fd-66b9-41bb-8e78-4cc062ce0743,2025-08-20 17:15:19.024492+00:00
523,3038002c-a14a-421b-88f8-7202f2403bfc,add66e0e-7db1-4dd3-ab7a-2c99db99d002,2025-08-20 17:15:19.970994+00:00
524,cf890e40-45e5-466a-8808-77a7a58cdb46,48d47bde-8328-4eab-b37e-74af0dd9ce1b,2025-08-20 17:15:31.511295+00:00
525,b15eba65-7478-4827-91f4-86dcd7c4c443,2a18e1fd-66b9-41bb-8e78-4cc062ce0743,2025-08-20 17:15:39.519251+00:00
526,d32cdc92-e433-4268-9d0d-6c3aef30b0e8,c3cc7e19-b762-400d-a8f3-4c129b8e4963,2025-08-20 17:15:44.626619+00:00
527,980bef06-f0ed-4833-a9cc-0d300ec5fe42,add66e0e-7db1-4dd3-ab7a-2c99db99d002,2025-08-20 17:16:04.895298+00:00
528,7a44ddbc-ea3a-4a97-8fbc-ac2c45d6c874,02c8739c-1e84-4a3c-a154-3e6d8a040b79,2025-08-20 17:16:08.724387+00:00
529,7ec69c02-95df-4071-a056-0c7590c4a23e,58065cb7-0a19-40c6-821c-b97526394913,2025-08-20 17:16:09.142979+00:00
530,980bef06-f0ed-4833-a9cc-0d300ec5fe42,ea7981d8-1421-4869-9735-f2dfcc54d09e,2025-08-20 17:16:25.907042+00:00
531,7a44ddbc-ea3a-4a97-8fbc-ac2c45d6c874,4ce8d9a7-feee-4f5a-8155-fd28b6f81962,2025-08-20 17:16:44.766475+00:00
532,7a44ddbc-ea3a-4a97-8fbc-ac2c45d6c874,82045762-e0d5-431c-9679-d2c6289582a9,2025-08-20 17:16:44.812847+00:00
533,7a147ec5-4445-4a62-be28-2b2509047dcf,a912f701-aa4d-42dd-8e7d-3f2364056d04,2025-08-20 17:16:53.014428+00:00
534,8441b70e-9e21-4f71-8f55-6d1480a81ac9,d5296f5f-76f8-4c5c-9426-6aad65231edd,2025-08-20 17:17:08.905504+00:00
535,286e9116-6fc0-4f1c-9d85-273ea9466b32,33090fc5-b83d-4dcd-9f42-16780e6bf7ee,2025-08-20 17:17:10.981165+00:00
536,9d8a0438-b6ce-4b90-80ea-81769b2c4700,34c28c35-2148-4642-a8c9-2c6df816e209,2025-08-20 17:17:13.869164+00:00
537,82045762-e0d5-431c-9679-d2c6289582a9,0db8f1f7-837d-4a93-a647-0ccd6952ed6e,2025-08-20 17:17:14.284086+00:00
538,309a70aa-93a1-4641-a8b8-34d0c4929a05,31eb3b33-5fc7-4caa-927e-f39b1a0895e3,2025-08-20 17:17:18.223306+00:00
539,7d7383bd-c7f1-467a-b024-0bf3f9b8c631,55e93951-135c-4ca6-8089-f324d6aaae2d,2025-08-20 17:17:20.001761+00:00
540,33090fc5-b83d-4dcd-9f42-16780e6bf7ee,7b471bb2-ac3d-47ff-ae14-a65d5e91b304,2025-08-20 17:17:25.413845+00:00
541,46753cf5-035e-4710-b184-e589d417b606,34c28c35-2148-4642-a8c9-2c6df816e209,2025-08-20 17:17:39.158406+00:00
542,ee884d28-d7df-4f64-8ac2-9f7fceff0055,e4c6afd4-c15c-4f5c-b76f-efae48e27218,2025-08-20 17:17:44.892218+00:00
543,54db1269-9bab-4199-a6ff-0388bb745ab8,0db8f1f7-837d-4a93-a647-0ccd6952ed6e,2025-08-20 17:17:45.982747+00:00
544,34c28c35-2148-4642-a8c9-2c6df816e209,77d4cecd-e463-472e-8c08-5e0180573d53,2025-08-20 17:17:46.218536+00:00
545,7d7383bd-c7f1-467a-b024-0bf3f9b8c631,50b8d5f9-4018-43ff-a5d1-d3256859013c,2025-08-20 17:17:47.031574+00:00
546,fd94f491-adb8-4bb2-8357-7d4bdc034964,286e9116-6fc0-4f1c-9d85-273ea9466b32,2025-08-20 17:17:47.851574+00:00
547,64d2bc8b-98de-402a-b82e-4ec4056e2da3,7d7383bd-c7f1-467a-b024-0bf3f9b8c631,2025-08-20 17:17:53.608142+00:00
548,64d2bc8b-98de-402a-b82e-4ec4056e2da3,ab99235d-9cb8-416c-a352-3b77624a38c6,2025-08-20 17:17:53.654647+00:00
549,ee884d28-d7df-4f64-8ac2-9f7fceff0055,e4c6afd4-c15c-4f5c-b76f-efae48e27218,2025-08-20 17:17:55.902376+00:00
550,7a147ec5-4445-4a62-be28-2b2509047dcf,15a1cf8a-e6dc-4560-b269-0f478c1c91a1,2025-08-20 17:17:56.077704+00:00
551,309a70aa-93a1-4641-a8b8-34d0c4929a05,18994e5c-7094-4f7b-8712-c11008542038,2025-08-20 17:17:57.251099+00:00
552,309a70aa-93a1-4641-a8b8-34d0c4929a05,55e93951-135c-4ca6-8089-f324d6aaae2d,2025-08-20 17:17:57.295693+00:00
553,2085d2ba-7096-401e-8604-39ae6029127a,ee884d28-d7df-4f64-8ac2-9f7fceff0055,2025-08-20 17:18:00.314216+00:00
554,55e93951-135c-4ca6-8089-f324d6aaae2d,18994e5c-7094-4f7b-8712-c11008542038,2025-08-20 17:18:05.967877+00:00
555,8441b70e-9e21-4f71-8f55-6d1480a81ac9,6c97f1fa-47fd-4473-8fdb-0d56b3a573d4,2025-08-20 17:18:07.982134+00:00
556,7a44ddbc-ea3a-4a97-8fbc-ac2c45d6c874,6236392d-ab15-49c5-a554-b33aea2258b7,2025-08-20 17:18:15.886521+00:00
557,2a18e1fd-66b9-41bb-8e78-4cc062ce0743,3038002c-a14a-421b-88f8-7202f2403bfc,2025-08-20 17:18:16.211101+00:00
558,b15eba65-7478-4827-91f4-86dcd7c4c443,0fecce77-7aeb-40d8-916c-0ba57ee861aa,2025-08-20 17:18:22.667556+00:00
559,fd94f491-adb8-4bb2-8357-7d4bdc034964,33090fc5-b83d-4dcd-9f42-16780e6bf7ee,2025-08-20 17:18:24.943255+00:00
560,ee884d28-d7df-4f64-8ac2-9f7fceff0055,980bef06-f0ed-4833-a9cc-0d300ec5fe42,2025-08-20 17:18:25.953430+00:00
561,55e93951-135c-4ca6-8089-f324d6aaae2d,309a70aa-93a1-4641-a8b8-34d0c4929a05,2025-08-20 17:18:40.019075+00:00
562,980bef06-f0ed-4833-a9cc-0d300ec5fe42,8f54a112-983e-4997-9827-266c00b9a496,2025-08-20 17:18:44.120690+00:00
563,286e9116-6fc0-4f1c-9d85-273ea9466b32,0fecce77-7aeb-40d8-916c-0ba57ee861aa,2025-08-20 17:18:45.078286+00:00
564,66bff972-f439-4808-85a4-68353791aa72,8c733097-9454-4cbc-ace0-7f217b7672f2,2025-08-20 17:18:45.784878+00:00
565,4ce8d9a7-feee-4f5a-8155-fd28b6f81962,ab99235d-9cb8-416c-a352-3b77624a38c6,2025-08-20 17:18:52.409128+00:00
566,8f54a112-983e-4997-9827-266c00b9a496,ee884d28-d7df-4f64-8ac2-9f7fceff0055,2025-08-20 17:18:56.859131+00:00
567,a912f701-aa4d-42dd-8e7d-3f2364056d04,7a147ec5-4445-4a62-be28-2b2509047dcf,2025-08-20 17:19:00.019984+00:00
568,6236392d-ab15-49c5-a554-b33aea2258b7,e4c6afd4-c15c-4f5c-b76f-efae48e27218,2025-08-20 17:19:25.301569+00:00
569,8c733097-9454-4cbc-ace0-7f217b7672f2,8f54a112-983e-4997-9827-266c00b9a496,2025-08-20 17:19:31.023021+00:00
570,1fb1b413-184a-4335-bdcc-184a45d239e2,ab99235d-9cb8-416c-a352-3b77624a38c6,2025-08-20 17:19:41.210595+00:00
571,3038002c-a14a-421b-88f8-7202f2403bfc,4777822b-10c5-4fcc-b579-c0efd1afa15c,2025-08-20 17:19:43.391934+00:00
572,309a70aa-93a1-4641-a8b8-34d0c4929a05,18994e5c-7094-4f7b-8712-c11008542038,2025-08-20 17:19:46.335839+00:00
573,309a70aa-93a1-4641-a8b8-34d0c4929a05,55e93951-135c-4ca6-8089-f324d6aaae2d,2025-08-20 17:19:46.388522+00:00
574,54db1269-9bab-4199-a6ff-0388bb745ab8,c3cc7e19-b762-400d-a8f3-4c129b8e4963,2025-08-20 17:19:47.082122+00:00
575,0db8f1f7-837d-4a93-a647-0ccd6952ed6e,d5296f5f-76f8-4c5c-9426-6aad65231edd,2025-08-20 17:20:01.445448+00:00
576,309a70aa-93a1-4641-a8b8-34d0c4929a05,31eb3b33-5fc7-4caa-927e-f39b1a0895e3,2025-08-20 17:20:03.358049+00:00
577,e4c6afd4-c15c-4f5c-b76f-efae48e27218,8f54a112-983e-4997-9827-266c00b9a496,2025-08-20 17:20:21.060181+00:00
578,33090fc5-b83d-4dcd-9f42-16780e6bf7ee,dd84b194-0aa1-4655-b403-362812f00c3f,2025-08-20 17:20:26.636474+00:00
579,4777822b-10c5-4fcc-b579-c0efd1afa15c,d5296f5f-76f8-4c5c-9426-6aad65231edd,2025-08-20 17:20:39.188617+00:00
580,50b8d5f9-4018-43ff-a5d1-d3256859013c,55e93951-135c-4ca6-8089-f324d6aaae2d,2025-08-20 17:20:41.580943+00:00
581,50b8d5f9-4018-43ff-a5d1-d3256859013c,9480b3bb-4337-419c-8a45-713bfee7320b,2025-08-20 17:20:41.626031+00:00
582,50b8d5f9-4018-43ff-a5d1-d3256859013c,02c8739c-1e84-4a3c-a154-3e6d8a040b79,2025-08-20 17:20:41.674934+00:00
583,1223397b-e59e-4f08-8d0a-8acb5a4757ab,48d47bde-8328-4eab-b37e-74af0dd9ce1b,2025-08-20 17:20:51.646854+00:00
584,55e93951-135c-4ca6-8089-f324d6aaae2d,18994e5c-7094-4f7b-8712-c11008542038,2025-08-20 17:21:09.139612+00:00
585,53ffb562-7bad-4b4b-a731-be2f58b5fc50,ab99235d-9cb8-416c-a352-3b77624a38c6,2025-08-20 17:21:14.273379+00:00
586,53ffb562-7bad-4b4b-a731-be2f58b5fc50,0fecce77-7aeb-40d8-916c-0ba57ee861aa,2025-08-20 17:21:14.320929+00:00
587,b15eba65-7478-4827-91f4-86dcd7c4c443,53ffb562-7bad-4b4b-a731-be2f58b5fc50,2025-08-20 17:21:14.756532+00:00
588,e4c6afd4-c15c-4f5c-b76f-efae48e27218,ee884d28-d7df-4f64-8ac2-9f7fceff0055,2025-08-20 17:21:15.155543+00:00
589,fd94f491-adb8-4bb2-8357-7d4bdc034964,4ce8d9a7-feee-4f5a-8155-fd28b6f81962,2025-08-20 17:21:28.224773+00:00
590,fd94f491-adb8-4bb2-8357-7d4bdc034964,33090fc5-b83d-4dcd-9f42-16780e6bf7ee,2025-08-20 17:21:28.268591+00:00
591,2a18e1fd-66b9-41bb-8e78-4cc062ce0743,6236392d-ab15-49c5-a554-b33aea2258b7,2025-08-20 17:21:29.514606+00:00
592,a912f701-aa4d-42dd-8e7d-3f2364056d04,8441b70e-9e21-4f71-8f55-6d1480a81ac9,2025-08-20 17:21:31.217908+00:00
593,15a1cf8a-e6dc-4560-b269-0f478c1c91a1,d32cdc92-e433-4268-9d0d-6c3aef30b0e8,2025-08-20 17:22:02.645767+00:00
594,4406dbda-ab77-46da-bc70-bb2830ba398a,0db8f1f7-837d-4a93-a647-0ccd6952ed6e,2025-08-20 17:22:13.510881+00:00
595,ee52d966-64ce-4cdd-9672-469ff21fd474,0db8f1f7-837d-4a93-a647-0ccd6952ed6e,2025-08-20 17:22:19.250535+00:00
596,18994e5c-7094-4f7b-8712-c11008542038,55e93951-135c-4ca6-8089-f324d6aaae2d,2025-08-20 17:22:25.149068+00:00
597,2085d2ba-7096-401e-8604-39ae6029127a,c3cc7e19-b762-400d-a8f3-4c129b8e4963,2025-08-20 17:22:27.572768+00:00
598,6c97f1fa-47fd-4473-8fdb-0d56b3a573d4,8441b70e-9e21-4f71-8f55-6d1480a81ac9,2025-08-20 17:22:42.488792+00:00
599,7ec69c02-95df-4071-a056-0c7590c4a23e,58065cb7-0a19-40c6-821c-b97526394913,2025-08-20 17:22:42.699644+00:00
600,9d8a0438-b6ce-4b90-80ea-81769b2c4700,34c28c35-2148-4642-a8c9-2c6df816e209,2025-08-20 17:22:47.288963+00:00
601,9d8a0438-b6ce-4b90-80ea-81769b2c4700,7d7383bd-c7f1-467a-b024-0bf3f9b8c631,2025-08-20 17:22:47.336778+00:00
602,ee884d28-d7df-4f64-8ac2-9f7fceff0055,e4c6afd4-c15c-4f5c-b76f-efae48e27218,2025-08-20 17:22:51.370524+00:00
603,d32cdc92-e433-4268-9d0d-6c3aef30b0e8,15a1cf8a-e6dc-4560-b269-0f478c1c91a1,2025-08-20 17:22:53.979951+00:00
604,18994e5c-7094-4f7b-8712-c11008542038,6236392d-ab15-49c5-a554-b33aea2258b7,2025-08-20 17:23:03.191450+00:00
605,4ce8d9a7-feee-4f5a-8155-fd28b6f81962,7a44ddbc-ea3a-4a97-8fbc-ac2c45d6c874,2025-08-20 17:23:14.791405+00:00
606,8c733097-9454-4cbc-ace0-7f217b7672f2,55e93951-135c-4ca6-8089-f324d6aaae2d,2025-08-20 17:23:18.460047+00:00
607,7d7383bd-c7f1-467a-b024-0bf3f9b8c631,34c28c35-2148-4642-a8c9-2c6df816e209,2025-08-20 17:23:28.559282+00:00
608,3038002c-a14a-421b-88f8-7202f2403bfc,8f54a112-983e-4997-9827-266c00b9a496,2025-08-20 17:23:28.654765+00:00
609,8441b70e-9e21-4f71-8f55-6d1480a81ac9,0db8f1f7-837d-4a93-a647-0ccd6952ed6e,2025-08-20 17:23:48.495481+00:00
610,8c733097-9454-4cbc-ace0-7f217b7672f2,e4c6afd4-c15c-4f5c-b76f-efae48e27218,2025-08-20 17:23:49.471594+00:00
611,58065cb7-0a19-40c6-821c-b97526394913,54db1269-9bab-4199-a6ff-0388bb745ab8,2025-08-20 17:23:57.325730+00:00
612,58065cb7-0a19-40c6-821c-b97526394913,309a70aa-93a1-4641-a8b8-34d0c4929a05,2025-08-20 17:23:57.375143+00:00
613,1223397b-e59e-4f08-8d0a-8acb5a4757ab,4777822b-10c5-4fcc-b579-c0efd1afa15c,2025-08-20 17:24:00.887096+00:00
614,9480b3bb-4337-419c-8a45-713bfee7320b,0db8f1f7-837d-4a93-a647-0ccd6952ed6e,2025-08-20 17:24:01.066291+00:00
615,4ce8d9a7-feee-4f5a-8155-fd28b6f81962,95fd7074-1fca-4c41-b633-15d3fe6b834d,2025-08-20 17:24:03.844359+00:00
616,c3cc7e19-b762-400d-a8f3-4c129b8e4963,31eb3b33-5fc7-4caa-927e-f39b1a0895e3,2025-08-20 17:24:15.793084+00:00
617,7a44ddbc-ea3a-4a97-8fbc-ac2c45d6c874,0fecce77-7aeb-40d8-916c-0ba57ee861aa,2025-08-20 17:24:29.291812+00:00
618,1fb1b413-184a-4335-bdcc-184a45d239e2,ab99235d-9cb8-416c-a352-3b77624a38c6,2025-08-20 17:24:30.433075+00:00
619,54db1269-9bab-4199-a6ff-0388bb745ab8,7ec69c02-95df-4071-a056-0c7590c4a23e,2025-08-20 17:24:34.490760+00:00
620,7b471bb2-ac3d-47ff-ae14-a65d5e91b304,1fb1b413-184a-4335-bdcc-184a45d239e2,2025-08-20 17:24:45.316522+00:00
621,6236392d-ab15-49c5-a554-b33aea2258b7,31eb3b33-5fc7-4caa-927e-f39b1a0895e3,2025-08-20 17:24:45.686940+00:00
622,0db8f1f7-837d-4a93-a647-0ccd6952ed6e,b15eba65-7478-4827-91f4-86dcd7c4c443,2025-08-20 17:24:47.666146+00:00
623,7ec69c02-95df-4071-a056-0c7590c4a23e,54db1269-9bab-4199-a6ff-0388bb745ab8,2025-08-20 17:25:05.893756+00:00
624,309a70aa-93a1-4641-a8b8-34d0c4929a05,58065cb7-0a19-40c6-821c-b97526394913,2025-08-20 17:25:06.738191+00:00
625,9d8a0438-b6ce-4b90-80ea-81769b2c4700,7d7383bd-c7f1-467a-b024-0bf3f9b8c631,2025-08-20 17:25:19.517498+00:00
626,add66e0e-7db1-4dd3-ab7a-2c99db99d002,6c97f1fa-47fd-4473-8fdb-0d56b3a573d4,2025-08-20 17:25:22.455232+00:00
627,82045762-e0d5-431c-9679-d2c6289582a9,6c97f1fa-47fd-4473-8fdb-0d56b3a573d4,2025-08-20 17:25:22.903507+00:00
628,2a18e1fd-66b9-41bb-8e78-4cc062ce0743,980bef06-f0ed-4833-a9cc-0d300ec5fe42,2025-08-20 17:25:25.835034+00:00
629,95fd7074-1fca-4c41-b633-15d3fe6b834d,7a147ec5-4445-4a62-be28-2b2509047dcf,2025-08-20 17:25:52.555910+00:00
630,54db1269-9bab-4199-a6ff-0388bb745ab8,34c28c35-2148-4642-a8c9-2c6df816e209,2025-08-20 17:25:58.569092+00:00
631,3038002c-a14a-421b-88f8-7202f2403bfc,7d7383bd-c7f1-467a-b024-0bf3f9b8c631,2025-08-20 17:25:58.842636+00:00
632,3038002c-a14a-421b-88f8-7202f2403bfc,980bef06-f0ed-4833-a9cc-0d300ec5fe42,2025-08-20 17:25:58.891654+00:00
633,18994e5c-7094-4f7b-8712-c11008542038,fa8472f7-0772-4873-b342-f338744063a4,2025-08-20 17:26:09.424394+00:00
634,ab99235d-9cb8-416c-a352-3b77624a38c6,0db8f1f7-837d-4a93-a647-0ccd6952ed6e,2025-08-20 17:26:09.520104+00:00
635,53ffb562-7bad-4b4b-a731-be2f58b5fc50,309a70aa-93a1-4641-a8b8-34d0c4929a05,2025-08-20 17:26:11.620911+00:00
636,6236392d-ab15-49c5-a554-b33aea2258b7,7ec69c02-95df-4071-a056-0c7590c4a23e,2025-08-20 17:26:23.786810+00:00
637,31eb3b33-5fc7-4caa-927e-f39b1a0895e3,82045762-e0d5-431c-9679-d2c6289582a9,2025-08-20 17:26:24.780395+00:00
638,02c8739c-1e84-4a3c-a154-3e6d8a040b79,15a1cf8a-e6dc-4560-b269-0f478c1c91a1,2025-08-20 17:26:27.517358+00:00
639,15a1cf8a-e6dc-4560-b269-0f478c1c91a1,d32cdc92-e433-4268-9d0d-6c3aef30b0e8,2025-08-20 17:26:33.919756+00:00
640,6236392d-ab15-49c5-a554-b33aea2258b7,53ffb562-7bad-4b4b-a731-be2f58b5fc50,2025-08-20 17:26:39.839934+00:00
641,50b8d5f9-4018-43ff-a5d1-d3256859013c,34c28c35-2148-4642-a8c9-2c6df816e209,2025-08-20 17:26:51.048282+00:00
642,6236392d-ab15-49c5-a554-b33aea2258b7,7a44ddbc-ea3a-4a97-8fbc-ac2c45d6c874,2025-08-20 17:27:06.857886+00:00
643,7ec69c02-95df-4071-a056-0c7590c4a23e,31eb3b33-5fc7-4caa-927e-f39b1a0895e3,2025-08-20 17:27:20.055013+00:00
644,1fb1b413-184a-4335-bdcc-184a45d239e2,fa8472f7-0772-4873-b342-f338744063a4,2025-08-20 17:27:25.704280+00:00
645,9d8a0438-b6ce-4b90-80ea-81769b2c4700,46753cf5-035e-4710-b184-e589d417b606,2025-08-20 17:27:29.663143+00:00
646,ee884d28-d7df-4f64-8ac2-9f7fceff0055,31eb3b33-5fc7-4caa-927e-f39b1a0895e3,2025-08-20 17:27:53.746228+00:00
647,58065cb7-0a19-40c6-821c-b97526394913,48d47bde-8328-4eab-b37e-74af0dd9ce1b,2025-08-20 17:28:04.661819+00:00
648,15a1cf8a-e6dc-4560-b269-0f478c1c91a1,d32cdc92-e433-4268-9d0d-6c3aef30b0e8,2025-08-20 17:28:09.032794+00:00
649,add66e0e-7db1-4dd3-ab7a-2c99db99d002,286e9116-6fc0-4f1c-9d85-273ea9466b32,2025-08-20 17:28:14.633427+00:00
650,add66e0e-7db1-4dd3-ab7a-2c99db99d002,6c97f1fa-47fd-4473-8fdb-0d56b3a573d4,2025-08-20 17:28:14.675258+00:00
651,4777822b-10c5-4fcc-b579-c0efd1afa15c,ee52d966-64ce-4cdd-9672-469ff21fd474,2025-08-20 17:28:18.726640+00:00
652,0fecce77-7aeb-40d8-916c-0ba57ee861aa,34c28c35-2148-4642-a8c9-2c6df816e209,2025-08-20 17:28:22.777109+00:00
653,0db8f1f7-837d-4a93-a647-0ccd6952ed6e,4ce8d9a7-feee-4f5a-8155-fd28b6f81962,2025-08-20 17:28:29.929132+00:00
654,cf890e40-45e5-466a-8808-77a7a58cdb46,66bff972-f439-4808-85a4-68353791aa72,2025-08-20 17:28:31.500175+00:00
655,33090fc5-b83d-4dcd-9f42-16780e6bf7ee,dd84b194-0aa1-4655-b403-362812f00c3f,2025-08-20 17:28:51.325479+00:00
656,46753cf5-035e-4710-b184-e589d417b606,7a147ec5-4445-4a62-be28-2b2509047dcf,2025-08-20 17:29:00.964311+00:00
657,95fd7074-1fca-4c41-b633-15d3fe6b834d,d5296f5f-76f8-4c5c-9426-6aad65231edd,2025-08-20 17:29:09.895256+00:00
658,33090fc5-b83d-4dcd-9f42-16780e6bf7ee,dd84b194-0aa1-4655-b403-362812f00c3f,2025-08-20 17:29:14.304051+00:00
659,d32cdc92-e433-4268-9d0d-6c3aef30b0e8,add66e0e-7db1-4dd3-ab7a-2c99db99d002,2025-08-20 17:29:14.366289+00:00
660,6eede6d5-ae24-4c15-9afb-4768cb64e91e,53ffb562-7bad-4b4b-a731-be2f58b5fc50,2025-08-20 17:29:22.568574+00:00
661,dd84b194-0aa1-4655-b403-362812f00c3f,1fb1b413-184a-4335-bdcc-184a45d239e2,2025-08-20 17:29:23.538957+00:00
662,53ffb562-7bad-4b4b-a731-be2f58b5fc50,ab99235d-9cb8-416c-a352-3b77624a38c6,2025-08-20 17:29:23.814338+00:00
663,286e9116-6fc0-4f1c-9d85-273ea9466b32,33090fc5-b83d-4dcd-9f42-16780e6bf7ee,2025-08-20 17:29:29.770319+00:00
664,980bef06-f0ed-4833-a9cc-0d300ec5fe42,2085d2ba-7096-401e-8604-39ae6029127a,2025-08-20 17:29:37.964536+00:00
665,7a44ddbc-ea3a-4a97-8fbc-ac2c45d6c874,b15eba65-7478-4827-91f4-86dcd7c4c443,2025-08-20 17:29:47.650959+00:00
666,4ce8d9a7-feee-4f5a-8155-fd28b6f81962,50b8d5f9-4018-43ff-a5d1-d3256859013c,2025-08-20 17:30:07.352037+00:00
667,d5296f5f-76f8-4c5c-9426-6aad65231edd,95fd7074-1fca-4c41-b633-15d3fe6b834d,2025-08-20 17:30:13.052534+00:00
668,8f54a112-983e-4997-9827-266c00b9a496,66bff972-f439-4808-85a4-68353791aa72,2025-08-20 17:30:13.626881+00:00
669,7b471bb2-ac3d-47ff-ae14-a65d5e91b304,b15eba65-7478-4827-91f4-86dcd7c4c443,2025-08-20 17:30:13.678349+00:00
670,7d7383bd-c7f1-467a-b024-0bf3f9b8c631,46753cf5-035e-4710-b184-e589d417b606,2025-08-20 17:30:36.957620+00:00
671,e4c6afd4-c15c-4f5c-b76f-efae48e27218,8f54a112-983e-4997-9827-266c00b9a496,2025-08-20 17:30:44.871811+00:00
672,1223397b-e59e-4f08-8d0a-8acb5a4757ab,d32cdc92-e433-4268-9d0d-6c3aef30b0e8,2025-08-20 17:30:45.449451+00:00
673,980bef06-f0ed-4833-a9cc-0d300ec5fe42,ee884d28-d7df-4f64-8ac2-9f7fceff0055,2025-08-20 17:30:46.025395+00:00
674,6236392d-ab15-49c5-a554-b33aea2258b7,ab99235d-9cb8-416c-a352-3b77624a38c6,2025-08-20 17:30:54.237083+00:00
675,6eede6d5-ae24-4c15-9afb-4768cb64e91e,53ffb562-7bad-4b4b-a731-be2f58b5fc50,2025-08-20 17:30:59.735550+00:00
676,2a18e1fd-66b9-41bb-8e78-4cc062ce0743,33090fc5-b83d-4dcd-9f42-16780e6bf7ee,2025-08-20 17:31:15.230047+00:00
677,7a147ec5-4445-4a62-be28-2b2509047dcf,33090fc5-b83d-4dcd-9f42-16780e6bf7ee,2025-08-20 17:31:18.023303+00:00
678,4ce8d9a7-feee-4f5a-8155-fd28b6f81962,6236392d-ab15-49c5-a554-b33aea2258b7,2025-08-20 17:31:20.431168+00:00
679,4406dbda-ab77-46da-bc70-bb2830ba398a,82045762-e0d5-431c-9679-d2c6289582a9,2025-08-20 17:31:22.164673+00:00
680,7d7383bd-c7f1-467a-b024-0bf3f9b8c631,9d8a0438-b6ce-4b90-80ea-81769b2c4700,2025-08-20 17:31:32.015165+00:00
681,fd94f491-adb8-4bb2-8357-7d4bdc034964,7b471bb2-ac3d-47ff-ae14-a65d5e91b304,2025-08-20 17:31:48.928884+00:00
682,9d8a0438-b6ce-4b90-80ea-81769b2c4700,18994e5c-7094-4f7b-8712-c11008542038,2025-08-20 17:31:48.972607+00:00
683,309a70aa-93a1-4641-a8b8-34d0c4929a05,4ae8a79e-f66d-4881-89c6-e0ae9b81cde1,2025-08-20 17:31:57.187906+00:00
684,6236392d-ab15-49c5-a554-b33aea2258b7,d5296f5f-76f8-4c5c-9426-6aad65231edd,2025-08-20 17:32:05.358720+00:00
685,ab99235d-9cb8-416c-a352-3b77624a38c6,6eede6d5-ae24-4c15-9afb-4768cb64e91e,2025-08-20 17:32:11.965330+00:00
686,48d47bde-8328-4eab-b37e-74af0dd9ce1b,31eb3b33-5fc7-4caa-927e-f39b1a0895e3,2025-08-20 17:32:14.708873+00:00
687,0fecce77-7aeb-40d8-916c-0ba57ee861aa,c3cc7e19-b762-400d-a8f3-4c129b8e4963,2025-08-20 17:32:24.121547+00:00
688,02c8739c-1e84-4a3c-a154-3e6d8a040b79,add66e0e-7db1-4dd3-ab7a-2c99db99d002,2025-08-20 17:32:32.905540+00:00
689,286e9116-6fc0-4f1c-9d85-273ea9466b32,7b471bb2-ac3d-47ff-ae14-a65d5e91b304,2025-08-20 17:32:32.952820+00:00
690,fd94f491-adb8-4bb2-8357-7d4bdc034964,2a18e1fd-66b9-41bb-8e78-4cc062ce0743,2025-08-20 17:32:36.005329+00:00
691,fd94f491-adb8-4bb2-8357-7d4bdc034964,2085d2ba-7096-401e-8604-39ae6029127a,2025-08-20 17:32:36.054431+00:00
692,fa8472f7-0772-4873-b342-f338744063a4,d5296f5f-76f8-4c5c-9426-6aad65231edd,2025-08-20 17:32:44.697684+00:00
693,6c97f1fa-47fd-4473-8fdb-0d56b3a573d4,53ffb562-7bad-4b4b-a731-be2f58b5fc50,2025-08-20 17:32:45.196388+00:00
694,6c97f1fa-47fd-4473-8fdb-0d56b3a573d4,7a44ddbc-ea3a-4a97-8fbc-ac2c45d6c874,2025-08-20 17:32:45.243552+00:00
695,33090fc5-b83d-4dcd-9f42-16780e6bf7ee,6236392d-ab15-49c5-a554-b33aea2258b7,2025-08-20 17:32:51.624167+00:00
696,33090fc5-b83d-4dcd-9f42-16780e6bf7ee,7a44ddbc-ea3a-4a97-8fbc-ac2c45d6c874,2025-08-20 17:32:51.674810+00:00
697,4406dbda-ab77-46da-bc70-bb2830ba398a,ee884d28-d7df-4f64-8ac2-9f7fceff0055,2025-08-20 17:32:52.252115+00:00
698,4777822b-10c5-4fcc-b579-c0efd1afa15c,4ce8d9a7-feee-4f5a-8155-fd28b6f81962,2025-08-20 17:32:57.124254+00:00
699,ee884d28-d7df-4f64-8ac2-9f7fceff0055,54db1269-9bab-4199-a6ff-0388bb745ab8,2025-08-20 17:32:57.169898+00:00
700,46753cf5-035e-4710-b184-e589d417b606,9d8a0438-b6ce-4b90-80ea-81769b2c4700,2025-08-20 17:32:59.233723+00:00
701,66bff972-f439-4808-85a4-68353791aa72,ea7981d8-1421-4869-9735-f2dfcc54d09e,2025-08-20 17:33:00.786482+00:00
702,7b471bb2-ac3d-47ff-ae14-a65d5e91b304,3038002c-a14a-421b-88f8-7202f2403bfc,2025-08-20 17:33:05.890332+00:00
703,e4c6afd4-c15c-4f5c-b76f-efae48e27218,82045762-e0d5-431c-9679-d2c6289582a9,2025-08-20 17:33:09.043319+00:00
704,34c28c35-2148-4642-a8c9-2c6df816e209,ee52d966-64ce-4cdd-9672-469ff21fd474,2025-08-20 17:33:28.343879+00:00
705,309a70aa-93a1-4641-a8b8-34d0c4929a05,d32cdc92-e433-4268-9d0d-6c3aef30b0e8,2025-08-20 17:33:31.268820+00:00
706,33090fc5-b83d-4dcd-9f42-16780e6bf7ee,6c97f1fa-47fd-4473-8fdb-0d56b3a573d4,2025-08-20 17:34:00.700010+00:00
707,77d4cecd-e463-472e-8c08-5e0180573d53,66bff972-f439-4808-85a4-68353791aa72,2025-08-20 17:34:06.908322+00:00
708,9d8a0438-b6ce-4b90-80ea-81769b2c4700,33090fc5-b83d-4dcd-9f42-16780e6bf7ee,2025-08-20 17:34:21.147702+00:00
709,18994e5c-7094-4f7b-8712-c11008542038,fd94f491-adb8-4bb2-8357-7d4bdc034964,2025-08-20 17:34:22.208573+00:00
710,7a147ec5-4445-4a62-be28-2b2509047dcf,6236392d-ab15-49c5-a554-b33aea2258b7,2025-08-20 17:34:24.266569+00:00
711,c3cc7e19-b762-400d-a8f3-4c129b8e4963,ee52d966-64ce-4cdd-9672-469ff21fd474,2025-08-20 17:34:28.485752+00:00
712,46753cf5-035e-4710-b184-e589d417b606,53ffb562-7bad-4b4b-a731-be2f58b5fc50,2025-08-20 17:34:29.306518+00:00
713,2085d2ba-7096-401e-8604-39ae6029127a,64d2bc8b-98de-402a-b82e-4ec4056e2da3,2025-08-20 17:34:31.381549+00:00
714,2085d2ba-7096-401e-8604-39ae6029127a,33090fc5-b83d-4dcd-9f42-16780e6bf7ee,2025-08-20 17:34:31.430803+00:00
715,6236392d-ab15-49c5-a554-b33aea2258b7,0fecce77-7aeb-40d8-916c-0ba57ee861aa,2025-08-20 17:34:37.564350+00:00
716,2a18e1fd-66b9-41bb-8e78-4cc062ce0743,7b471bb2-ac3d-47ff-ae14-a65d5e91b304,2025-08-20 17:34:40.464332+00:00
717,9d8a0438-b6ce-4b90-80ea-81769b2c4700,50b8d5f9-4018-43ff-a5d1-d3256859013c,2025-08-20 17:34:53.184749+00:00
718,e4c6afd4-c15c-4f5c-b76f-efae48e27218,2085d2ba-7096-401e-8604-39ae6029127a,2025-08-20 17:34:56.131532+00:00
719,8f54a112-983e-4997-9827-266c00b9a496,2085d2ba-7096-401e-8604-39ae6029127a,2025-08-20 17:34:58.936770+00:00
720,33090fc5-b83d-4dcd-9f42-16780e6bf7ee,2a18e1fd-66b9-41bb-8e78-4cc062ce0743,2025-08-20 17:35:04.794810+00:00
721,309a70aa-93a1-4641-a8b8-34d0c4929a05,4ae8a79e-f66d-4881-89c6-e0ae9b81cde1,2025-08-20 17:35:10.375910+00:00
722,a912f701-aa4d-42dd-8e7d-3f2364056d04,4777822b-10c5-4fcc-b579-c0efd1afa15c,2025-08-20 17:35:13.104590+00:00
723,fa8472f7-0772-4873-b342-f338744063a4,ee884d28-d7df-4f64-8ac2-9f7fceff0055,2025-08-20 17:35:13.863061+00:00
724,fa8472f7-0772-4873-b342-f338744063a4,e4c6afd4-c15c-4f5c-b76f-efae48e27218,2025-08-20 17:35:13.909129+00:00
725,4777822b-10c5-4fcc-b579-c0efd1afa15c,8f54a112-983e-4997-9827-266c00b9a496,2025-08-20 17:35:14.322392+00:00
726,7ec69c02-95df-4071-a056-0c7590c4a23e,48d47bde-8328-4eab-b37e-74af0dd9ce1b,2025-08-20 17:35:14.659119+00:00
727,2a18e1fd-66b9-41bb-8e78-4cc062ce0743,33090fc5-b83d-4dcd-9f42-16780e6bf7ee,2025-08-20 17:35:15.509364+00:00
728,55e93951-135c-4ca6-8089-f324d6aaae2d,c3cc7e19-b762-400d-a8f3-4c129b8e4963,2025-08-20 17:35:18.238417+00:00
729,54db1269-9bab-4199-a6ff-0388bb745ab8,58065cb7-0a19-40c6-821c-b97526394913,2025-08-20 17:35:19.225662+00:00
730,1fb1b413-184a-4335-bdcc-184a45d239e2,286e9116-6fc0-4f1c-9d85-273ea9466b32,2025-08-20 17:35:20.390656+00:00
731,58065cb7-0a19-40c6-821c-b97526394913,2085d2ba-7096-401e-8604-39ae6029127a,2025-08-20 17:35:32.170340+00:00
732,add66e0e-7db1-4dd3-ab7a-2c99db99d002,4ae8a79e-f66d-4881-89c6-e0ae9b81cde1,2025-08-20 17:35:37.147301+00:00
733,66bff972-f439-4808-85a4-68353791aa72,7a44ddbc-ea3a-4a97-8fbc-ac2c45d6c874,2025-08-20 17:35:54.990282+00:00
734,7a44ddbc-ea3a-4a97-8fbc-ac2c45d6c874,53ffb562-7bad-4b4b-a731-be2f58b5fc50,2025-08-20 17:36:00.111620+00:00
735,c3cc7e19-b762-400d-a8f3-4c129b8e4963,48d47bde-8328-4eab-b37e-74af0dd9ce1b,2025-08-20 17:36:20.732640+00:00
736,58065cb7-0a19-40c6-821c-b97526394913,7ec69c02-95df-4071-a056-0c7590c4a23e,2025-08-20 17:36:32.253522+00:00
737,4ae8a79e-f66d-4881-89c6-e0ae9b81cde1,7ec69c02-95df-4071-a056-0c7590c4a23e,2025-08-20 17:36:33.046565+00:00
738,77d4cecd-e463-472e-8c08-5e0180573d53,15a1cf8a-e6dc-4560-b269-0f478c1c91a1,2025-08-20 17:36:35.147272+00:00
739,33090fc5-b83d-4dcd-9f42-16780e6bf7ee,7ec69c02-95df-4071-a056-0c7590c4a23e,2025-08-20 17:36:35.904451+00:00
740,0db8f1f7-837d-4a93-a647-0ccd6952ed6e,82045762-e0d5-431c-9679-d2c6289582a9,2025-08-20 17:36:41.627679+00:00
741,6c97f1fa-47fd-4473-8fdb-0d56b3a573d4,980bef06-f0ed-4833-a9cc-0d300ec5fe42,2025-08-20 17:36:46.637923+00:00
742,ee884d28-d7df-4f64-8ac2-9f7fceff0055,ab99235d-9cb8-416c-a352-3b77624a38c6,2025-08-20 17:36:58.493568+00:00
743,33090fc5-b83d-4dcd-9f42-16780e6bf7ee,980bef06-f0ed-4833-a9cc-0d300ec5fe42,2025-08-20 17:37:00.940116+00:00
744,50b8d5f9-4018-43ff-a5d1-d3256859013c,1223397b-e59e-4f08-8d0a-8acb5a4757ab,2025-08-20 17:37:02.789077+00:00
745,2a18e1fd-66b9-41bb-8e78-4cc062ce0743,50b8d5f9-4018-43ff-a5d1-d3256859013c,2025-08-20 17:37:43.644589+00:00
746,fa8472f7-0772-4873-b342-f338744063a4,a912f701-aa4d-42dd-8e7d-3f2364056d04,2025-08-20 17:37:58.099674+00:00
747,ab99235d-9cb8-416c-a352-3b77624a38c6,0fecce77-7aeb-40d8-916c-0ba57ee861aa,2025-08-20 17:37:59.477323+00:00
748,3038002c-a14a-421b-88f8-7202f2403bfc,7b471bb2-ac3d-47ff-ae14-a65d5e91b304,2025-08-20 17:38:00.826347+00:00
749,77d4cecd-e463-472e-8c08-5e0180573d53,34c28c35-2148-4642-a8c9-2c6df816e209,2025-08-20 17:38:01.276066+00:00
750,8c733097-9454-4cbc-ace0-7f217b7672f2,309a70aa-93a1-4641-a8b8-34d0c4929a05,2025-08-20 17:38:02.532537+00:00
751,1223397b-e59e-4f08-8d0a-8acb5a4757ab,2a18e1fd-66b9-41bb-8e78-4cc062ce0743,2025-08-20 17:38:16.021027+00:00
752,2a18e1fd-66b9-41bb-8e78-4cc062ce0743,fd94f491-adb8-4bb2-8357-7d4bdc034964,2025-08-20 17:38:16.674477+00:00
753,7a147ec5-4445-4a62-be28-2b2509047dcf,cf890e40-45e5-466a-8808-77a7a58cdb46,2025-08-20 17:38:19.642404+00:00
754,d5296f5f-76f8-4c5c-9426-6aad65231edd,4406dbda-ab77-46da-bc70-bb2830ba398a,2025-08-20 17:38:22.783811+00:00
755,d32cdc92-e433-4268-9d0d-6c3aef30b0e8,8441b70e-9e21-4f71-8f55-6d1480a81ac9,2025-08-20 17:38:27.235309+00:00
756,1fb1b413-184a-4335-bdcc-184a45d239e2,4777822b-10c5-4fcc-b579-c0efd1afa15c,2025-08-20 17:38:33.614106+00:00
757,66bff972-f439-4808-85a4-68353791aa72,7a44ddbc-ea3a-4a97-8fbc-ac2c45d6c874,2025-08-20 17:38:34.229246+00:00
758,6eede6d5-ae24-4c15-9afb-4768cb64e91e,8f54a112-983e-4997-9827-266c00b9a496,2025-08-20 17:38:36.285572+00:00
759,8441b70e-9e21-4f71-8f55-6d1480a81ac9,6236392d-ab15-49c5-a554-b33aea2258b7,2025-08-20 17:38:51.663529+00:00
760,2085d2ba-7096-401e-8604-39ae6029127a,8f54a112-983e-4997-9827-266c00b9a496,2025-08-20 17:38:55.823424+00:00
761,82045762-e0d5-431c-9679-d2c6289582a9,c3cc7e19-b762-400d-a8f3-4c129b8e4963,2025-08-20 17:38:56.932526+00:00
762,e4c6afd4-c15c-4f5c-b76f-efae48e27218,d32cdc92-e433-4268-9d0d-6c3aef30b0e8,2025-08-20 17:39:04.509743+00:00
763,15a1cf8a-e6dc-4560-b269-0f478c1c91a1,6c97f1fa-47fd-4473-8fdb-0d56b3a573d4,2025-08-20 17:39:04.787247+00:00
764,6236392d-ab15-49c5-a554-b33aea2258b7,add66e0e-7db1-4dd3-ab7a-2c99db99d002,2025-08-20 17:39:05.907671+00:00
765,66bff972-f439-4808-85a4-68353791aa72,9480b3bb-4337-419c-8a45-713bfee7320b,2025-08-20 17:39:10.304575+00:00
766,2085d2ba-7096-401e-8604-39ae6029127a,ea7981d8-1421-4869-9735-f2dfcc54d09e,2025-08-20 17:39:13.864167+00:00
767,b15eba65-7478-4827-91f4-86dcd7c4c443,ab99235d-9cb8-416c-a352-3b77624a38c6,2025-08-20 17:39:22.230235+00:00
768,e4c6afd4-c15c-4f5c-b76f-efae48e27218,2085d2ba-7096-401e-8604-39ae6029127a,2025-08-20 17:39:38.585294+00:00
769,82045762-e0d5-431c-9679-d2c6289582a9,1fb1b413-184a-4335-bdcc-184a45d239e2,2025-08-20 17:40:01.004794+00:00
770,7ec69c02-95df-4071-a056-0c7590c4a23e,55e93951-135c-4ca6-8089-f324d6aaae2d,2025-08-20 17:40:03.063319+00:00
771,34c28c35-2148-4642-a8c9-2c6df816e209,64d2bc8b-98de-402a-b82e-4ec4056e2da3,2025-08-20 17:40:06.888306+00:00
772,4ae8a79e-f66d-4881-89c6-e0ae9b81cde1,309a70aa-93a1-4641-a8b8-34d0c4929a05,2025-08-20 17:40:18.303389+00:00
773,4777822b-10c5-4fcc-b579-c0efd1afa15c,53ffb562-7bad-4b4b-a731-be2f58b5fc50,2025-08-20 17:40:22.695848+00:00
774,8f54a112-983e-4997-9827-266c00b9a496,980bef06-f0ed-4833-a9cc-0d300ec5fe42,2025-08-20 17:40:23.370351+00:00
775,33090fc5-b83d-4dcd-9f42-16780e6bf7ee,95fd7074-1fca-4c41-b633-15d3fe6b834d,2025-08-20 17:40:49.181004+00:00
776,8441b70e-9e21-4f71-8f55-6d1480a81ac9,fa8472f7-0772-4873-b342-f338744063a4,2025-08-20 17:40:58.825359+00:00
777,e4c6afd4-c15c-4f5c-b76f-efae48e27218,48d47bde-8328-4eab-b37e-74af0dd9ce1b,2025-08-20 17:41:03.706844+00:00
778,7b471bb2-ac3d-47ff-ae14-a65d5e91b304,fd94f491-adb8-4bb2-8357-7d4bdc034964,2025-08-20 17:41:12.549628+00:00
779,4ae8a79e-f66d-4881-89c6-e0ae9b81cde1,55e93951-135c-4ca6-8089-f324d6aaae2d,2025-08-20 17:41:22.372744+00:00
780,c3cc7e19-b762-400d-a8f3-4c129b8e4963,50b8d5f9-4018-43ff-a5d1-d3256859013c,2025-08-20 17:41:30.141523+00:00
781,ab99235d-9cb8-416c-a352-3b77624a38c6,0fecce77-7aeb-40d8-916c-0ba57ee861aa,2025-08-20 17:41:30.839644+00:00
782,e4c6afd4-c15c-4f5c-b76f-efae48e27218,ee884d28-d7df-4f64-8ac2-9f7fceff0055,2025-08-20 17:41:45.789755+00:00
783,58065cb7-0a19-40c6-821c-b97526394913,4ce8d9a7-feee-4f5a-8155-fd28b6f81962,2025-08-20 17:41:49.645158+00:00
784,0db8f1f7-837d-4a93-a647-0ccd6952ed6e,02c8739c-1e84-4a3c-a154-3e6d8a040b79,2025-08-20 17:41:53.078323+00:00
785,4777822b-10c5-4fcc-b579-c0efd1afa15c,fa8472f7-0772-4873-b342-f338744063a4,2025-08-20 17:41:54.840835+00:00
786,309a70aa-93a1-4641-a8b8-34d0c4929a05,2085d2ba-7096-401e-8604-39ae6029127a,2025-08-20 17:41:54.984710+00:00
787,4406dbda-ab77-46da-bc70-bb2830ba398a,2085d2ba-7096-401e-8604-39ae6029127a,2025-08-20 17:42:00.032902+00:00
788,4406dbda-ab77-46da-bc70-bb2830ba398a,cf890e40-45e5-466a-8808-77a7a58cdb46,2025-08-20 17:42:00.077375+00:00
789,54db1269-9bab-4199-a6ff-0388bb745ab8,c3cc7e19-b762-400d-a8f3-4c129b8e4963,2025-08-20 17:42:04.688191+00:00
790,ee52d966-64ce-4cdd-9672-469ff21fd474,48d47bde-8328-4eab-b37e-74af0dd9ce1b,2025-08-20 17:42:06.952042+00:00
791,58065cb7-0a19-40c6-821c-b97526394913,1223397b-e59e-4f08-8d0a-8acb5a4757ab,2025-08-20 17:42:07.676746+00:00
792,4ae8a79e-f66d-4881-89c6-e0ae9b81cde1,95fd7074-1fca-4c41-b633-15d3fe6b834d,2025-08-20 17:42:09.464284+00:00
793,3038002c-a14a-421b-88f8-7202f2403bfc,2a18e1fd-66b9-41bb-8e78-4cc062ce0743,2025-08-20 17:42:10.176492+00:00
794,95fd7074-1fca-4c41-b633-15d3fe6b834d,4777822b-10c5-4fcc-b579-c0efd1afa15c,2025-08-20 17:42:12.856440+00:00
795,4ce8d9a7-feee-4f5a-8155-fd28b6f81962,ab99235d-9cb8-416c-a352-3b77624a38c6,2025-08-20 17:42:15.366047+00:00
796,ab99235d-9cb8-416c-a352-3b77624a38c6,34c28c35-2148-4642-a8c9-2c6df816e209,2025-08-20 17:42:20.926394+00:00
797,7d7383bd-c7f1-467a-b024-0bf3f9b8c631,58065cb7-0a19-40c6-821c-b97526394913,2025-08-20 17:42:20.972566+00:00
798,7a44ddbc-ea3a-4a97-8fbc-ac2c45d6c874,4ce8d9a7-feee-4f5a-8155-fd28b6f81962,2025-08-20 17:42:27.714854+00:00
799,7b471bb2-ac3d-47ff-ae14-a65d5e91b304,286e9116-6fc0-4f1c-9d85-273ea9466b32,2025-08-20 17:42:30.620937+00:00
800,2a18e1fd-66b9-41bb-8e78-4cc062ce0743,3038002c-a14a-421b-88f8-7202f2403bfc,2025-08-20 17:42:46.971960+00:00
801,c3cc7e19-b762-400d-a8f3-4c129b8e4963,48d47bde-8328-4eab-b37e-74af0dd9ce1b,2025-08-20 17:43:01.231122+00:00
802,15a1cf8a-e6dc-4560-b269-0f478c1c91a1,a912f701-aa4d-42dd-8e7d-3f2364056d04,2025-08-20 17:43:08.071822+00:00
803,ab99235d-9cb8-416c-a352-3b77624a38c6,fa8472f7-0772-4873-b342-f338744063a4,2025-08-20 17:43:12.014440+00:00
804,4406dbda-ab77-46da-bc70-bb2830ba398a,8f54a112-983e-4997-9827-266c00b9a496,2025-08-20 17:43:13.125273+00:00
805,cf890e40-45e5-466a-8808-77a7a58cdb46,7a147ec5-4445-4a62-be28-2b2509047dcf,2025-08-20 17:43:13.577450+00:00
806,9480b3bb-4337-419c-8a45-713bfee7320b,6c97f1fa-47fd-4473-8fdb-0d56b3a573d4,2025-08-20 17:43:26.633270+00:00
807,309a70aa-93a1-4641-a8b8-34d0c4929a05,4ae8a79e-f66d-4881-89c6-e0ae9b81cde1,2025-08-20 17:43:29.103652+00:00
808,ee52d966-64ce-4cdd-9672-469ff21fd474,4406dbda-ab77-46da-bc70-bb2830ba398a,2025-08-20 17:43:34.067741+00:00
809,7ec69c02-95df-4071-a056-0c7590c4a23e,dd84b194-0aa1-4655-b403-362812f00c3f,2025-08-20 17:43:38.362116+00:00
810,7b471bb2-ac3d-47ff-ae14-a65d5e91b304,fd94f491-adb8-4bb2-8357-7d4bdc034964,2025-08-20 17:44:10.788324+00:00
811,0db8f1f7-837d-4a93-a647-0ccd6952ed6e,7a44ddbc-ea3a-4a97-8fbc-ac2c45d6c874,2025-08-20 17:44:13.266141+00:00
812,9480b3bb-4337-419c-8a45-713bfee7320b,95fd7074-1fca-4c41-b633-15d3fe6b834d,2025-08-20 17:44:13.698845+00:00
813,3038002c-a14a-421b-88f8-7202f2403bfc,7b471bb2-ac3d-47ff-ae14-a65d5e91b304,2025-08-20 17:44:14.376234+00:00
814,7d7383bd-c7f1-467a-b024-0bf3f9b8c631,9480b3bb-4337-419c-8a45-713bfee7320b,2025-08-20 17:44:34.201921+00:00
815,ee884d28-d7df-4f64-8ac2-9f7fceff0055,9480b3bb-4337-419c-8a45-713bfee7320b,2025-08-20 17:44:35.997989+00:00
816,fa8472f7-0772-4873-b342-f338744063a4,980bef06-f0ed-4833-a9cc-0d300ec5fe42,2025-08-20 17:44:44.737161+00:00
817,7ec69c02-95df-4071-a056-0c7590c4a23e,58065cb7-0a19-40c6-821c-b97526394913,2025-08-20 17:45:06.477351+00:00
818,286e9116-6fc0-4f1c-9d85-273ea9466b32,31eb3b33-5fc7-4caa-927e-f39b1a0895e3,2025-08-20 17:45:32.979486+00:00
819,77d4cecd-e463-472e-8c08-5e0180573d53,50b8d5f9-4018-43ff-a5d1-d3256859013c,2025-08-20 17:45:33.782363+00:00
820,95fd7074-1fca-4c41-b633-15d3fe6b834d,a912f701-aa4d-42dd-8e7d-3f2364056d04,2025-08-20 17:45:39.088794+00:00
821,1fb1b413-184a-4335-bdcc-184a45d239e2,48d47bde-8328-4eab-b37e-74af0dd9ce1b,2025-08-20 17:46:02.232361+00:00
822,e4c6afd4-c15c-4f5c-b76f-efae48e27218,2085d2ba-7096-401e-8604-39ae6029127a,2025-08-20 17:46:16.081481+00:00
823,02c8739c-1e84-4a3c-a154-3e6d8a040b79,82045762-e0d5-431c-9679-d2c6289582a9,2025-08-20 17:46:16.900854+00:00
824,6eede6d5-ae24-4c15-9afb-4768cb64e91e,4ce8d9a7-feee-4f5a-8155-fd28b6f81962,2025-08-20 17:46:24.851696+00:00
825,82045762-e0d5-431c-9679-d2c6289582a9,c3cc7e19-b762-400d-a8f3-4c129b8e4963,2025-08-20 17:46:28.473727+00:00
826,1223397b-e59e-4f08-8d0a-8acb5a4757ab,4ce8d9a7-feee-4f5a-8155-fd28b6f81962,2025-08-20 17:46:37.695830+00:00
827,02c8739c-1e84-4a3c-a154-3e6d8a040b79,1223397b-e59e-4f08-8d0a-8acb5a4757ab,2025-08-20 17:46:42.933896+00:00
828,54db1269-9bab-4199-a6ff-0388bb745ab8,309a70aa-93a1-4641-a8b8-34d0c4929a05,2025-08-20 17:46:45.141359+00:00
829,6c97f1fa-47fd-4473-8fdb-0d56b3a573d4,1223397b-e59e-4f08-8d0a-8acb5a4757ab,2025-08-20 17:46:48.353183+00:00
830,6c97f1fa-47fd-4473-8fdb-0d56b3a573d4,add66e0e-7db1-4dd3-ab7a-2c99db99d002,2025-08-20 17:46:48.396670+00:00
831,fd94f491-adb8-4bb2-8357-7d4bdc034964,33090fc5-b83d-4dcd-9f42-16780e6bf7ee,2025-08-20 17:46:54.342218+00:00
832,dd84b194-0aa1-4655-b403-362812f00c3f,3038002c-a14a-421b-88f8-7202f2403bfc,2025-08-20 17:46:57.875597+00:00
833,54db1269-9bab-4199-a6ff-0388bb745ab8,8f54a112-983e-4997-9827-266c00b9a496,2025-08-20 17:47:10.163982+00:00
834,8c733097-9454-4cbc-ace0-7f217b7672f2,18994e5c-7094-4f7b-8712-c11008542038,2025-08-20 17:47:20.232268+00:00
835,8441b70e-9e21-4f71-8f55-6d1480a81ac9,58065cb7-0a19-40c6-821c-b97526394913,2025-08-20 17:47:31.365765+00:00
836,64d2bc8b-98de-402a-b82e-4ec4056e2da3,77d4cecd-e463-472e-8c08-5e0180573d53,2025-08-20 17:47:31.836421+00:00
837,66bff972-f439-4808-85a4-68353791aa72,e4c6afd4-c15c-4f5c-b76f-efae48e27218,2025-08-20 17:47:36.982655+00:00
838,77d4cecd-e463-472e-8c08-5e0180573d53,0db8f1f7-837d-4a93-a647-0ccd6952ed6e,2025-08-20 17:47:43.933338+00:00
839,9d8a0438-b6ce-4b90-80ea-81769b2c4700,34c28c35-2148-4642-a8c9-2c6df816e209,2025-08-20 17:47:46.281761+00:00
840,9d8a0438-b6ce-4b90-80ea-81769b2c4700,add66e0e-7db1-4dd3-ab7a-2c99db99d002,2025-08-20 17:47:46.328127+00:00
841,58065cb7-0a19-40c6-821c-b97526394913,4ae8a79e-f66d-4881-89c6-e0ae9b81cde1,2025-08-20 17:47:49.139560+00:00
842,7b471bb2-ac3d-47ff-ae14-a65d5e91b304,48d47bde-8328-4eab-b37e-74af0dd9ce1b,2025-08-20 17:47:50.089799+00:00
843,286e9116-6fc0-4f1c-9d85-273ea9466b32,3038002c-a14a-421b-88f8-7202f2403bfc,2025-08-20 17:47:53.086979+00:00
844,add66e0e-7db1-4dd3-ab7a-2c99db99d002,ee52d966-64ce-4cdd-9672-469ff21fd474,2025-08-20 17:47:57.156833+00:00
845,8c733097-9454-4cbc-ace0-7f217b7672f2,4ae8a79e-f66d-4881-89c6-e0ae9b81cde1,2025-08-20 17:48:00.302107+00:00
846,0db8f1f7-837d-4a93-a647-0ccd6952ed6e,4406dbda-ab77-46da-bc70-bb2830ba398a,2025-08-20 17:48:11.596996+00:00
847,1223397b-e59e-4f08-8d0a-8acb5a4757ab,add66e0e-7db1-4dd3-ab7a-2c99db99d002,2025-08-20 17:48:17.891797+00:00
848,15a1cf8a-e6dc-4560-b269-0f478c1c91a1,34c28c35-2148-4642-a8c9-2c6df816e209,2025-08-20 17:48:30.562054+00:00
849,77d4cecd-e463-472e-8c08-5e0180573d53,64d2bc8b-98de-402a-b82e-4ec4056e2da3,2025-08-20 17:48:31.014594+00:00
850,2a18e1fd-66b9-41bb-8e78-4cc062ce0743,286e9116-6fc0-4f1c-9d85-273ea9466b32,2025-08-20 17:48:34.509863+00:00
851,9480b3bb-4337-419c-8a45-713bfee7320b,2085d2ba-7096-401e-8604-39ae6029127a,2025-08-20 17:48:47.070649+00:00
852,66bff972-f439-4808-85a4-68353791aa72,ee884d28-d7df-4f64-8ac2-9f7fceff0055,2025-08-20 17:48:50.080312+00:00
853,66bff972-f439-4808-85a4-68353791aa72,2085d2ba-7096-401e-8604-39ae6029127a,2025-08-20 17:49:06.167229+00:00
854,48d47bde-8328-4eab-b37e-74af0dd9ce1b,58065cb7-0a19-40c6-821c-b97526394913,2025-08-20 17:49:16.031039+00:00
855,53ffb562-7bad-4b4b-a731-be2f58b5fc50,6236392d-ab15-49c5-a554-b33aea2258b7,2025-08-20 17:49:29.370045+00:00
856,6236392d-ab15-49c5-a554-b33aea2258b7,0db8f1f7-837d-4a93-a647-0ccd6952ed6e,2025-08-20 17:49:37.749211+00:00
